frame,x,y
0.000000000000000000e+00,6.590000000000000000e+02,3.410000000000000000e+02
1.000000000000000000e+00,6.536002552212110004e+02,3.436120647181981553e+02
2.000000000000000000e+00,6.493537107739806515e+02,3.425050946321285892e+02
3.000000000000000000e+00,6.440749215170153548e+02,3.426415612466231551e+02
4.000000000000000000e+00,6.344681652639540062e+02,3.410000000000000000e+02
5.000000000000000000e+00,6.307795207674696485e+02,3.440427834230430904e+02
6.000000000000000000e+00,6.283747131817110585e+02,3.463460339536655965e+02
7.000000000000000000e+00,6.267349457536402042e+02,3.492714333175256343e+02
8.000000000000000000e+00,6.239646626884681382e+02,3.496564903715849368e+02
9.000000000000000000e+00,6.192378371060005975e+02,3.503183809627306573e+02
1.000000000000000000e+01,6.138821735056066018e+02,3.502880222249831945e+02
1.100000000000000000e+01,6.096458936480513557e+02,3.473270795003737703e+02
1.200000000000000000e+01,6.044786607672295986e+02,3.464554724462261106e+02
1.300000000000000000e+01,5.980370332067552681e+02,3.407993338773036953e+02
1.400000000000000000e+01,5.892423435960424740e+02,3.410000000000000000e+02
1.500000000000000000e+01,5.809200790309425884e+02,3.479354901498803088e+02
1.600000000000000000e+01,5.745101213802005304e+02,3.534739740896024500e+02
1.700000000000000000e+01,5.669361897011029896e+02,3.612001776204296561e+02
1.800000000000000000e+01,5.620229335814270826e+02,3.708552812145402982e+02
1.900000000000000000e+01,5.555687069320522369e+02,3.788584597321573710e+02
2.000000000000000000e+01,5.520911823402137770e+02,3.847054596481360136e+02
2.100000000000000000e+01,5.494062424412029486e+02,3.904561127312175017e+02
2.200000000000000000e+01,5.455601668002440192e+02,3.977554559423628575e+02
2.300000000000000000e+01,5.433592692602618399e+02,4.072149547991367058e+02
2.400000000000000000e+01,5.408485365892752270e+02,4.177533290838819653e+02
2.500000000000000000e+01,5.394767055780563396e+02,4.275817862001728713e+02
2.600000000000000000e+01,5.384489857766862997e+02,4.375170972692104669e+02
2.700000000000000000e+01,5.347337607526056900e+02,4.476934529101517910e+02
2.800000000000000000e+01,5.332769760895623676e+02,4.556727722410939236e+02
2.900000000000000000e+01,5.341445672920315246e+02,4.628999544414921843e+02
3.000000000000000000e+01,5.311391887501387146e+02,4.708046887396899365e+02
3.100000000000000000e+01,5.259213383446889338e+02,4.773358834401832382e+02
3.200000000000000000e+01,5.222282991889466075e+02,4.857692941445333190e+02
3.300000000000000000e+01,5.246667486311816901e+02,4.939199460417839305e+02
3.400000000000000000e+01,5.240319789433068536e+02,5.047346664983535334e+02
3.500000000000000000e+01,5.241152882979598644e+02,5.149387704644750556e+02
3.600000000000000000e+01,5.238157528559615912e+02,5.257679620146121806e+02
3.700000000000000000e+01,5.227537779326521559e+02,5.365491178140945294e+02
3.800000000000000000e+01,5.206716931495731160e+02,5.471804880957902242e+02
3.900000000000000000e+01,5.174016113511285084e+02,5.575084925565728327e+02
4.000000000000000000e+01,5.140852104941402558e+02,5.647032783311806270e+02
4.100000000000000000e+01,5.148762771635634863e+02,5.687618356339985439e+02
4.200000000000000000e+01,5.166121269881032276e+02,5.716949402534329465e+02
4.300000000000000000e+01,5.142546801463614656e+02,5.720390081469288361e+02
4.400000000000000000e+01,5.117104151621079495e+02,5.687464519617963106e+02
4.500000000000000000e+01,5.051182775370048148e+02,5.658443126013121400e+02
4.600000000000000000e+01,4.960410176005288463e+02,5.625060341127766605e+02
4.700000000000000000e+01,4.875019372586686472e+02,5.579851140905429929e+02
4.800000000000000000e+01,4.809460084319952671e+02,5.542647877253207298e+02
4.900000000000000000e+01,4.783055497792783513e+02,5.500034470352525204e+02
5.000000000000000000e+01,4.760159766370527450e+02,5.478490402815814377e+02
5.100000000000000000e+01,4.786320772813650706e+02,5.476456458240411393e+02
5.200000000000000000e+01,4.830355816097518300e+02,5.517481797862925532e+02
5.300000000000000000e+01,4.872352339359131861e+02,5.557651866622974239e+02
5.400000000000000000e+01,4.899946585851398027e+02,5.572470626247943528e+02
5.500000000000000000e+01,4.922559791245700467e+02,5.572069831217415867e+02
5.600000000000000000e+01,4.918374303153642586e+02,5.554948920102781358e+02
5.700000000000000000e+01,4.914008327849012403e+02,5.531615254306143470e+02
5.800000000000000000e+01,4.866541081242862106e+02,5.511549296287196285e+02
5.900000000000000000e+01,4.822742897175821781e+02,5.490130233751960986e+02
6.000000000000000000e+01,4.732123734364701022e+02,5.459475785103428507e+02
6.100000000000000000e+01,4.641118947651476105e+02,5.400703003083800695e+02
6.200000000000000000e+01,4.560800448750458713e+02,5.359707190125643592e+02
6.300000000000000000e+01,4.490061172036355401e+02,5.331649974536724130e+02
6.400000000000000000e+01,4.428430457984043187e+02,5.282417651447243543e+02
6.500000000000000000e+01,4.359404659616271260e+02,5.234280083580614473e+02
6.600000000000000000e+01,4.312184623795324114e+02,5.169014715491721290e+02
6.700000000000000000e+01,4.266981935076696573e+02,5.116778439229695437e+02
6.800000000000000000e+01,4.204024495719603465e+02,5.066152596293630950e+02
6.900000000000000000e+01,4.158252531533126444e+02,5.045269449985843835e+02
7.000000000000000000e+01,4.145307131341072591e+02,5.009808326364038180e+02
7.100000000000000000e+01,4.100072224316771212e+02,4.977304586910962598e+02
7.200000000000000000e+01,4.042201298740201878e+02,4.936336084249052192e+02
7.300000000000000000e+01,3.982471639581128215e+02,4.899140860365073991e+02
7.400000000000000000e+01,3.971684988027107579e+02,4.853470782332095723e+02
7.500000000000000000e+01,3.995217909734876685e+02,4.855929188009675386e+02
7.600000000000000000e+01,4.035441047607179712e+02,4.887847550191437449e+02
7.700000000000000000e+01,4.081490184831469605e+02,4.916394279320189185e+02
7.800000000000000000e+01,4.129418179040853829e+02,4.960509174434537840e+02
7.900000000000000000e+01,4.144533056934064916e+02,5.040410497719383898e+02
8.000000000000000000e+01,4.133959728570418974e+02,5.135563653270304485e+02
8.100000000000000000e+01,4.156260982415557237e+02,5.184780597152105202e+02
8.200000000000000000e+01,4.223872399231757981e+02,5.214791563638713114e+02
8.300000000000000000e+01,4.282545974353622000e+02,5.255207661741171705e+02
8.400000000000000000e+01,4.354496296624150773e+02,5.281847924604360287e+02
8.500000000000000000e+01,4.419912921684635876e+02,5.349387631290638865e+02
8.600000000000000000e+01,4.480474562321387566e+02,5.415161599258176466e+02
8.700000000000000000e+01,4.536715179533834430e+02,5.429017627708518603e+02
8.800000000000000000e+01,4.621776009036164510e+02,5.464392857044168750e+02
8.900000000000000000e+01,4.705462016766512079e+02,5.529846617687941261e+02
9.000000000000000000e+01,4.789184507235639785e+02,5.598597295507915987e+02
9.100000000000000000e+01,4.859321006979125741e+02,5.676884082423393920e+02
9.200000000000000000e+01,4.928288407550016927e+02,5.744576589293691313e+02
9.300000000000000000e+01,4.986996366837903452e+02,5.833103080203575246e+02
9.400000000000000000e+01,5.054875594665136305e+02,5.917533652513724292e+02
9.500000000000000000e+01,5.131422949981021020e+02,5.985252836342898490e+02
9.600000000000000000e+01,5.196440525558438139e+02,6.065863588529722392e+02
9.700000000000000000e+01,5.238363140098822441e+02,6.165726190806879004e+02
9.800000000000000000e+01,5.277169717867571990e+02,6.266870447356233171e+02
9.900000000000000000e+01,5.288160342359802826e+02,6.356493157683922846e+02
1.000000000000000000e+02,5.339973163972066459e+02,6.440873983538591574e+02
1.010000000000000000e+02,5.354456348337016607e+02,6.530926739358810664e+02
1.020000000000000000e+02,5.352436693619378048e+02,6.590000000000000000e+02
1.030000000000000000e+02,5.362167593943318025e+02,6.527194925752638710e+02
1.040000000000000000e+02,5.369185235434632659e+02,6.525925238413215084e+02
1.050000000000000000e+02,5.378117495792532736e+02,6.535942413982629660e+02
1.060000000000000000e+02,5.412585178796456375e+02,6.563725001936915078e+02
1.070000000000000000e+02,5.435848523627377062e+02,6.585663388670867562e+02
1.080000000000000000e+02,5.431030180017813791e+02,6.590000000000000000e+02
1.090000000000000000e+02,5.418480844394542828e+02,6.564835987925466725e+02
1.100000000000000000e+02,5.406071770780127963e+02,6.545534676949563391e+02
1.110000000000000000e+02,5.405059350131690508e+02,6.509027650793578914e+02
1.120000000000000000e+02,5.381857469463481038e+02,6.479965764594298889e+02
1.130000000000000000e+02,5.345848203069657529e+02,6.485416399735917139e+02
1.140000000000000000e+02,5.303021806551417967e+02,6.501772222389507760e+02
1.150000000000000000e+02,5.250839528680492094e+02,6.506127305313077613e+02
1.160000000000000000e+02,5.160706484065025279e+02,6.523429663275328494e+02
1.170000000000000000e+02,5.076904862096176316e+02,6.592083863922043747e+02
1.180000000000000000e+02,4.995633111507646618e+02,6.590000000000000000e+02
1.190000000000000000e+02,4.935811097965656700e+02,6.539869542336966788e+02
1.200000000000000000e+02,4.912168299221026473e+02,6.470717952943267619e+02
1.210000000000000000e+02,4.888957088875947079e+02,6.410593746375010369e+02
1.220000000000000000e+02,4.898535320035372251e+02,6.381189433301354939e+02
1.230000000000000000e+02,4.908451064801188863e+02,6.354803882654634890e+02
1.240000000000000000e+02,4.953292979695748386e+02,6.343994886572331779e+02
1.250000000000000000e+02,5.019408182740061193e+02,6.331738269943622299e+02
1.260000000000000000e+02,5.099813858041938488e+02,6.303471323580139369e+02
1.270000000000000000e+02,5.144901443820028817e+02,6.309780953553084828e+02
1.280000000000000000e+02,5.195817539935660534e+02,6.279554798826842443e+02
1.290000000000000000e+02,5.224288098733834431e+02,6.269556770852138925e+02
1.300000000000000000e+02,5.294015810670298379e+02,6.239375147461362303e+02
1.310000000000000000e+02,5.401883460109218049e+02,6.229341139509641607e+02
1.320000000000000000e+02,5.510060348469656901e+02,6.235161099620843288e+02
1.330000000000000000e+02,5.613089531387413444e+02,6.201678289428973585e+02
1.340000000000000000e+02,5.720457885998700931e+02,6.187250970235239720e+02
1.350000000000000000e+02,5.816363207023076711e+02,6.199507849692880654e+02
1.360000000000000000e+02,5.891084280040658996e+02,6.194585443976673105e+02
1.370000000000000000e+02,5.936852584468609848e+02,6.198435168078569859e+02
1.380000000000000000e+02,5.981709050823744747e+02,6.165178814320013316e+02
1.390000000000000000e+02,6.054367868036785012e+02,6.146492797902393477e+02
1.400000000000000000e+02,6.117804765672440226e+02,6.116319702648403336e+02
1.410000000000000000e+02,6.215050214895916270e+02,6.068576287224215093e+02
1.420000000000000000e+02,6.321488386830619675e+02,6.048401385334968836e+02
1.430000000000000000e+02,6.429430418757459620e+02,6.039201991085625423e+02
1.440000000000000000e+02,6.537030228964064236e+02,6.026616604537971398e+02
1.450000000000000000e+02,6.590000000000000000e+02,5.989932713291366326e+02
1.460000000000000000e+02,6.487298805946516040e+02,5.955456984857576117e+02
1.470000000000000000e+02,6.392890640165584273e+02,5.902323103529932951e+02
1.480000000000000000e+02,6.290105817594387645e+02,5.875277046827366121e+02
1.490000000000000000e+02,6.195699180129391834e+02,5.822140450082819143e+02
1.500000000000000000e+02,6.099811322109799221e+02,5.793470720329215737e+02
1.510000000000000000e+02,6.000254509959515872e+02,5.783549716012033741e+02
1.520000000000000000e+02,5.895376490390992785e+02,5.756407274662110467e+02
1.530000000000000000e+02,5.824874359526228318e+02,5.695728883689092754e+02
1.540000000000000000e+02,5.742456926701254361e+02,5.632830396018982810e+02
1.550000000000000000e+02,5.662378542734169287e+02,5.595602721799814390e+02
1.560000000000000000e+02,5.590886444477076793e+02,5.522720359449100442e+02
1.570000000000000000e+02,5.551494906270507954e+02,5.460869381750532057e+02
1.580000000000000000e+02,5.459921660044497003e+02,5.444723002039481798e+02
1.590000000000000000e+02,5.355105152676374018e+02,5.417343979153461078e+02
1.600000000000000000e+02,5.258565549390085607e+02,5.435870059263638723e+02
1.610000000000000000e+02,5.192936943262676550e+02,5.470287432074293292e+02
1.620000000000000000e+02,5.155085594794441022e+02,5.511739087876860594e+02
1.630000000000000000e+02,5.125984111610719083e+02,5.578206910975142137e+02
1.640000000000000000e+02,5.119869359991009787e+02,5.620168575069019425e+02
1.650000000000000000e+02,5.088529860316143640e+02,5.642928832766522191e+02
1.660000000000000000e+02,5.088979096407513225e+02,5.676835258485457416e+02
1.670000000000000000e+02,5.098089792091801655e+02,5.678719901565274313e+02
1.680000000000000000e+02,5.135616535426348719e+02,5.672768599639458671e+02
1.690000000000000000e+02,5.196964758006688498e+02,5.694870037760734931e+02
1.700000000000000000e+02,5.251457543942359507e+02,5.704761237066596777e+02
1.710000000000000000e+02,5.300699866468022492e+02,5.688857450265203397e+02
1.720000000000000000e+02,5.325674711598699105e+02,5.651966640238596256e+02
1.730000000000000000e+02,5.357796578583654536e+02,5.621538338244989745e+02
1.740000000000000000e+02,5.381959366757947691e+02,5.599477464918336409e+02
1.750000000000000000e+02,5.392738824223271195e+02,5.589028623511488831e+02
1.760000000000000000e+02,5.426730373764999058e+02,5.598160686485499582e+02
1.770000000000000000e+02,5.461492102244570788e+02,5.578739184942683096e+02
1.780000000000000000e+02,5.508091408983204929e+02,5.578044478558978199e+02
1.790000000000000000e+02,5.541642532809102022e+02,5.559469706035719128e+02
1.800000000000000000e+02,5.615825602264329746e+02,5.536148653551495045e+02
1.810000000000000000e+02,5.693125388055643725e+02,5.507853373592723756e+02
1.820000000000000000e+02,5.742065987373463258e+02,5.493235875274963291e+02
1.830000000000000000e+02,5.795791677817628624e+02,5.481519204633917752e+02
1.840000000000000000e+02,5.847582139819320446e+02,5.482247292703270887e+02
1.850000000000000000e+02,5.931104314709816663e+02,5.515788249840088611e+02
1.860000000000000000e+02,5.988643354781149810e+02,5.577632641550154631e+02
1.870000000000000000e+02,6.035374062488829168e+02,5.628967527826583819e+02
1.880000000000000000e+02,6.083923394702977703e+02,5.705256563457779748e+02
1.890000000000000000e+02,6.080668374935731890e+02,5.738495679312128459e+02
1.900000000000000000e+02,6.097213455454211726e+02,5.763260821313238011e+02
1.910000000000000000e+02,6.117452426085520756e+02,5.768038706943360694e+02
1.920000000000000000e+02,6.167345626755080730e+02,5.765717300711899043e+02
1.930000000000000000e+02,6.235295256497531682e+02,5.749731747287557937e+02
1.940000000000000000e+02,6.293991890374155673e+02,5.726966129218118340e+02
1.950000000000000000e+02,6.356040654940854893e+02,5.681651322178147439e+02
1.960000000000000000e+02,6.398781131240888271e+02,5.643351929122931097e+02
1.970000000000000000e+02,6.420562732346148778e+02,5.596801111184747697e+02
1.980000000000000000e+02,6.411740073926043806e+02,5.518859658533704078e+02
1.990000000000000000e+02,6.419009441653371368e+02,5.456068984798013162e+02
2.000000000000000000e+02,6.446450722531200199e+02,5.369232900826774539e+02
2.010000000000000000e+02,6.479326270068855820e+02,5.300750485051296437e+02
2.020000000000000000e+02,6.485120171622581893e+02,5.239852258641535627e+02
2.030000000000000000e+02,6.448923092991915382e+02,5.179540275800171685e+02
2.040000000000000000e+02,6.413502033283028823e+02,5.113010213601001510e+02
2.050000000000000000e+02,6.387604340153341127e+02,5.061027180445612430e+02
2.060000000000000000e+02,6.356854480685333328e+02,5.029911669486290293e+02
2.070000000000000000e+02,6.309387543292195915e+02,5.054516001998547949e+02
2.080000000000000000e+02,6.267571396647225583e+02,5.105326174803091135e+02
2.090000000000000000e+02,6.252841550332987026e+02,5.197248270212589887e+02
2.100000000000000000e+02,6.225746872608950753e+02,5.298104931088008698e+02
2.110000000000000000e+02,6.187081660357868031e+02,5.399303312856796992e+02
2.120000000000000000e+02,6.158673153067719568e+02,5.490151059868427410e+02
2.130000000000000000e+02,6.114542718909609675e+02,5.565709147258855864e+02
2.140000000000000000e+02,6.068531056370029546e+02,5.650966993661529614e+02
2.150000000000000000e+02,6.049929517814273368e+02,5.730616273931620981e+02
2.160000000000000000e+02,6.007676542846677421e+02,5.830369956657798411e+02
2.170000000000000000e+02,5.970627429551316254e+02,5.932171107511215951e+02
2.180000000000000000e+02,5.928922695278535002e+02,6.022728143947997523e+02
2.190000000000000000e+02,5.864076541884178368e+02,6.109509982491592837e+02
2.200000000000000000e+02,5.841447070298759172e+02,6.179062318946834012e+02
2.210000000000000000e+02,5.781440385112888407e+02,6.261226141108046477e+02
2.220000000000000000e+02,5.775192742877165983e+02,6.327733688474595510e+02
2.230000000000000000e+02,5.779467286990430921e+02,6.377197375867790470e+02
2.240000000000000000e+02,5.781519124121089135e+02,6.418074485362159294e+02
2.250000000000000000e+02,5.828321503657379026e+02,6.481419678557726911e+02
2.260000000000000000e+02,5.859007626468746821e+02,6.583977209891335178e+02
2.270000000000000000e+02,5.853625857988970438e+02,6.590000000000000000e+02
2.280000000000000000e+02,5.803904087563299754e+02,6.493751069321358500e+02
2.290000000000000000e+02,5.797773754539284710e+02,6.385591325756316792e+02
2.300000000000000000e+02,5.772090161189286164e+02,6.280346543730400981e+02
2.310000000000000000e+02,5.732532224115909685e+02,6.192249267367761831e+02
2.320000000000000000e+02,5.674558019246402409e+02,6.167798324743694138e+02
2.330000000000000000e+02,5.613781737159913519e+02,6.134442993861296145e+02
2.340000000000000000e+02,5.564676960247069246e+02,6.100994310061811348e+02
2.350000000000000000e+02,5.496236123062029719e+02,6.105747059894750919e+02
2.360000000000000000e+02,5.484258748143711273e+02,6.117620072099631443e+02
2.370000000000000000e+02,5.489473370217335741e+02,6.158489456658919607e+02
2.380000000000000000e+02,5.492363075606422171e+02,6.179253222329465416e+02
2.390000000000000000e+02,5.525930007253066378e+02,6.199723828718671257e+02
2.400000000000000000e+02,5.578763841653764075e+02,6.199545996502415619e+02
2.410000000000000000e+02,5.637476344410283673e+02,6.197795462610382629e+02
2.420000000000000000e+02,5.673978914547244585e+02,6.200961791749955410e+02
2.430000000000000000e+02,5.702417815313892788e+02,6.174515408417347544e+02
2.440000000000000000e+02,5.696136062975909908e+02,6.117287532168012376e+02
2.450000000000000000e+02,5.654538804755260344e+02,6.078438208445461441e+02
2.460000000000000000e+02,5.631627160898751754e+02,6.029836787204585562e+02
2.470000000000000000e+02,5.637315998513431623e+02,6.019372908663824546e+02
2.480000000000000000e+02,5.711179949059917362e+02,6.020627760345020079e+02
2.490000000000000000e+02,5.776268260573493762e+02,5.995305774166749870e+02
2.500000000000000000e+02,5.845416437173803388e+02,5.991318313654114718e+02
2.510000000000000000e+02,5.921024279796513383e+02,6.011699922514928858e+02
2.520000000000000000e+02,5.928672836043314192e+02,6.042553312112297590e+02
2.530000000000000000e+02,5.912923599400758121e+02,6.067916969877368274e+02
2.540000000000000000e+02,5.875184469692111406e+02,6.070972368206269039e+02
2.550000000000000000e+02,5.862526475869432261e+02,6.039293361812763123e+02
2.560000000000000000e+02,5.857217225403194334e+02,5.981503752202169153e+02
2.570000000000000000e+02,5.824240406499698111e+02,5.920847134560501672e+02
2.580000000000000000e+02,5.784705680951699378e+02,5.829512055531999977e+02
2.590000000000000000e+02,5.760352309021981227e+02,5.723951530776322443e+02
2.600000000000000000e+02,5.786536795402305415e+02,5.630712065523873662e+02
2.610000000000000000e+02,5.796614862749869417e+02,5.583341863368975737e+02
2.620000000000000000e+02,5.841003253102469444e+02,5.528658686858644842e+02
2.630000000000000000e+02,5.895078169196485760e+02,5.551643741296128383e+02
2.640000000000000000e+02,5.969678106897475800e+02,5.551431079109033817e+02
2.650000000000000000e+02,6.004671793143081686e+02,5.527138033315864050e+02
2.660000000000000000e+02,6.077484183745624478e+02,5.513563417235545785e+02
2.670000000000000000e+02,6.140997602266199920e+02,5.489310798746025739e+02
2.680000000000000000e+02,6.191007514753803207e+02,5.472376435204678273e+02
2.690000000000000000e+02,6.293291548597254632e+02,5.440166563645250335e+02
2.700000000000000000e+02,6.401623304465683759e+02,5.439581942821123448e+02
2.710000000000000000e+02,6.509879751937513674e+02,5.435501171836160665e+02
2.720000000000000000e+02,6.590000000000000000e+02,5.434853674130239369e+02
2.730000000000000000e+02,6.510980350289346461e+02,5.425389441326931319e+02
2.740000000000000000e+02,6.433753970783735667e+02,5.417151987022383537e+02
2.750000000000000000e+02,6.350313036599989118e+02,5.405098998547209703e+02
2.760000000000000000e+02,6.280055070654314022e+02,5.377394422174805868e+02
2.770000000000000000e+02,6.218247138053493472e+02,5.309473603848542780e+02
2.780000000000000000e+02,6.213011631918780040e+02,5.284248988830742064e+02
2.790000000000000000e+02,6.212577732549763141e+02,5.258621521229323434e+02
2.800000000000000000e+02,6.219773227281845038e+02,5.193883479567227823e+02
2.810000000000000000e+02,6.238803377559247565e+02,5.109370938888495743e+02
2.820000000000000000e+02,6.261803701558313833e+02,5.035660611547598933e+02
2.830000000000000000e+02,6.312877283352058839e+02,4.940122135770556611e+02
2.840000000000000000e+02,6.378937976803593983e+02,4.854261225620754203e+02
2.850000000000000000e+02,6.432673083973132862e+02,4.767178377081054919e+02
2.860000000000000000e+02,6.415158273514111897e+02,4.670733315605309599e+02
2.870000000000000000e+02,6.386170599860398625e+02,4.568494417834850765e+02
2.880000000000000000e+02,6.345652228123202576e+02,4.478412892823844800e+02
2.890000000000000000e+02,6.322703185780385411e+02,4.401664920335240367e+02
2.900000000000000000e+02,6.306325323810432337e+02,4.347219260045211513e+02
2.910000000000000000e+02,6.286948595952278538e+02,4.285803274034205401e+02
2.920000000000000000e+02,6.232957657998020977e+02,4.211978492700666834e+02
2.930000000000000000e+02,6.198471723123275297e+02,4.111378657244636088e+02
2.940000000000000000e+02,6.165993424309463080e+02,4.008028421554502074e+02
2.950000000000000000e+02,6.130945972927795538e+02,3.935873361601435931e+02
2.960000000000000000e+02,6.093952732492728046e+02,3.834051893957464472e+02
2.970000000000000000e+02,6.074509986895112661e+02,3.763764550394176922e+02
2.980000000000000000e+02,6.060557256153648495e+02,3.727671236791197202e+02
2.990000000000000000e+02,6.074566990432391549e+02,3.723246275564566758e+02
3.000000000000000000e+02,6.062870794252227142e+02,3.698366802469087133e+02
3.010000000000000000e+02,6.066961011026747883e+02,3.598023262189858542e+02
3.020000000000000000e+02,6.073414588231573816e+02,3.489882324278639203e+02
3.030000000000000000e+02,6.064650744390330601e+02,3.410000000000000000e+02
3.040000000000000000e+02,6.094415021310452403e+02,3.501581986792202201e+02
3.050000000000000000e+02,6.139949650502521763e+02,3.586321997945598241e+02
3.060000000000000000e+02,6.192718646308309189e+02,3.674668455843969923e+02
3.070000000000000000e+02,6.233520954941611762e+02,3.742885198942999523e+02
3.080000000000000000e+02,6.255569427151319815e+02,3.789659492776928573e+02
3.090000000000000000e+02,6.264097321214906060e+02,3.835012192978263670e+02
3.100000000000000000e+02,6.263956218401282285e+02,3.876864618531193400e+02
3.110000000000000000e+02,6.258782924114647130e+02,3.899313394402958579e+02
3.120000000000000000e+02,6.234378691055851505e+02,3.919808030935791976e+02
3.130000000000000000e+02,6.192266842341313122e+02,3.974775577083523217e+02
3.140000000000000000e+02,6.116077845147765402e+02,4.047338532061684191e+02
3.150000000000000000e+02,6.047914954182874681e+02,4.123819569766132531e+02
3.160000000000000000e+02,6.005655742928197469e+02,4.198008579224633650e+02
3.170000000000000000e+02,5.932168048458332805e+02,4.277605500475038980e+02
3.180000000000000000e+02,5.882601071679940787e+02,4.316194558864274882e+02
3.190000000000000000e+02,5.784379435648621666e+02,4.334258811268494469e+02
3.200000000000000000e+02,5.715353324251877893e+02,4.355118767841029239e+02
3.210000000000000000e+02,5.658323672013049190e+02,4.368494138732926331e+02
3.220000000000000000e+02,5.580977777078369400e+02,4.365797750710689229e+02
3.230000000000000000e+02,5.491204201533637388e+02,4.392037396271036869e+02
3.240000000000000000e+02,5.439022355383706326e+02,4.394389874615220037e+02
3.250000000000000000e+02,5.431654262257006849e+02,4.411561662157059800e+02
3.260000000000000000e+02,5.414550235032883165e+02,4.440738099337110043e+02
3.270000000000000000e+02,5.424641370479081388e+02,4.489177770651205037e+02
3.280000000000000000e+02,5.404638500338875247e+02,4.520809549580963562e+02
3.290000000000000000e+02,5.332985345791267946e+02,4.561797575862233316e+02
3.300000000000000000e+02,5.254781521782520031e+02,4.565391902649952840e+02
3.310000000000000000e+02,5.183718621239378308e+02,4.536085876365359013e+02
3.320000000000000000e+02,5.091321658822440668e+02,4.520537895626432601e+02
3.330000000000000000e+02,4.985532140559679988e+02,4.497199323759633671e+02
3.340000000000000000e+02,4.897329224009175732e+02,4.434299748061316677e+02
3.350000000000000000e+02,4.813724724745242156e+02,4.365405635004490250e+02
3.360000000000000000e+02,4.718192637031307299e+02,4.314320105467526787e+02
3.370000000000000000e+02,4.637831876808515403e+02,4.241668475565205085e+02
3.380000000000000000e+02,4.586069424227357558e+02,4.146501466503107736e+02
3.390000000000000000e+02,4.541191545659183930e+02,4.047900821848678561e+02
3.400000000000000000e+02,4.511181468928718914e+02,3.973139190945159385e+02
3.410000000000000000e+02,4.489112905753784730e+02,3.918438157205742982e+02
3.420000000000000000e+02,4.458269694640688954e+02,3.847649672423603988e+02
3.430000000000000000e+02,4.457880501234117219e+02,3.739317038192091900e+02
3.440000000000000000e+02,4.439482280764167967e+02,3.690383868921462067e+02
3.450000000000000000e+02,4.424977290891316670e+02,3.690449080387786012e+02
3.460000000000000000e+02,4.420896298476119455e+02,3.712144392960116761e+02
3.470000000000000000e+02,4.436778094880912704e+02,3.746209784934471259e+02
3.480000000000000000e+02,4.441533198601920844e+02,3.791374823954821522e+02
3.490000000000000000e+02,4.454814046414228983e+02,3.869752441163316803e+02
3.500000000000000000e+02,4.477027803706887426e+02,3.938265588378885695e+02
3.510000000000000000e+02,4.459744885728594568e+02,4.022391554176160753e+02
3.520000000000000000e+02,4.444218899930473867e+02,4.080676907723144495e+02
3.530000000000000000e+02,4.404781052307910159e+02,4.155398559643315366e+02
3.540000000000000000e+02,4.418719613740080945e+02,4.227519306138029265e+02
3.550000000000000000e+02,4.449454668107738939e+02,4.331401294682999605e+02
3.560000000000000000e+02,4.503219559019187841e+02,4.425451534535574751e+02
3.570000000000000000e+02,4.519638428281635356e+02,4.515310291772539131e+02
3.580000000000000000e+02,4.524740854009033342e+02,4.603071666682878345e+02
3.590000000000000000e+02,4.531504184538825939e+02,4.678343916823051245e+02
3.600000000000000000e+02,4.567279859622119602e+02,4.780599538592113049e+02
3.610000000000000000e+02,4.604861187304278474e+02,4.863324096057343127e+02
3.620000000000000000e+02,4.659618740195931537e+02,4.901273769639998363e+02
3.630000000000000000e+02,4.726768572635249939e+02,4.899940829340573600e+02
3.640000000000000000e+02,4.816770147659589725e+02,4.887861449302808410e+02
3.650000000000000000e+02,4.899825792335865913e+02,4.826440002557664002e+02
3.660000000000000000e+02,4.968975133046320138e+02,4.787466504100189013e+02
3.670000000000000000e+02,5.059977536992715272e+02,4.728690032727553216e+02
3.680000000000000000e+02,5.148543482420121791e+02,4.666302658831764347e+02
3.690000000000000000e+02,5.236070773140431811e+02,4.602466270382710150e+02
3.700000000000000000e+02,5.333298860849207585e+02,4.554687508662246387e+02
3.710000000000000000e+02,5.412960261400817217e+02,4.545079379658033645e+02
3.720000000000000000e+02,5.475473919950319441e+02,4.552007231931352749e+02
3.730000000000000000e+02,5.563970280546276399e+02,4.591624992072039504e+02
3.740000000000000000e+02,5.656426892687904910e+02,4.648086359238753289e+02
3.750000000000000000e+02,5.708581415004933888e+02,4.704028818168592352e+02
3.760000000000000000e+02,5.795849675685517468e+02,4.768218862481040787e+02
3.770000000000000000e+02,5.885138748413727399e+02,4.820436007600338826e+02
3.780000000000000000e+02,5.920725123302308930e+02,4.878032977213065351e+02
3.790000000000000000e+02,5.986126994533290144e+02,4.908400979624245224e+02
3.800000000000000000e+02,6.084411176129568730e+02,4.928192294266543172e+02
3.810000000000000000e+02,6.157181641348009862e+02,4.980888463160616766e+02
3.820000000000000000e+02,6.216010780862682168e+02,5.033638425416450559e+02
3.830000000000000000e+02,6.213636034004466637e+02,5.076509791418599775e+02
3.840000000000000000e+02,6.197635306158251751e+02,5.118142911916917228e+02
3.850000000000000000e+02,6.187579723787771400e+02,5.167254871358608170e+02
3.860000000000000000e+02,6.174399554592865798e+02,5.219538585185596276e+02
3.870000000000000000e+02,6.181381860373597874e+02,5.292719476304208683e+02
3.880000000000000000e+02,6.177573666065165980e+02,5.400985855051969793e+02
3.890000000000000000e+02,6.179667142729375655e+02,5.509298958906056214e+02
3.900000000000000000e+02,6.192158074477440550e+02,5.616843621883896276e+02
3.910000000000000000e+02,6.207377897322407989e+02,5.724102505448970533e+02
3.920000000000000000e+02,6.189396000978979373e+02,5.830933037203502636e+02
3.930000000000000000e+02,6.205050050435854700e+02,5.938129407695507780e+02
3.940000000000000000e+02,6.237386718893767465e+02,6.040729504844475741e+02
3.950000000000000000e+02,6.256267467688917350e+02,6.147404846118729438e+02
3.960000000000000000e+02,6.267881288554606272e+02,6.255113853522722138e+02
3.970000000000000000e+02,6.263707508447263308e+02,6.363366754964930578e+02
3.980000000000000000e+02,6.233174393013175631e+02,6.465484587015309899e+02
3.990000000000000000e+02,6.203821217250497284e+02,6.558101054671104748e+02
4.000000000000000000e+02,6.178216265469055770e+02,6.590000000000000000e+02
4.010000000000000000e+02,6.157511280857563634e+02,6.557527838592621947e+02
4.020000000000000000e+02,6.106521891845179653e+02,6.486355790617567436e+02
4.030000000000000000e+02,6.096022426617107612e+02,6.391396742052688751e+02
4.040000000000000000e+02,6.058960107619212749e+02,6.315554811465046896e+02
4.050000000000000000e+02,6.054800843607064280e+02,6.288470349753944220e+02
4.060000000000000000e+02,6.053273591321342337e+02,6.230007109957459761e+02
4.070000000000000000e+02,6.059535904046737187e+02,6.185841710395501423e+02
4.080000000000000000e+02,6.109015946880961110e+02,6.098914842817747513e+02
4.090000000000000000e+02,6.165810502149249714e+02,6.029948072920277582e+02
4.100000000000000000e+02,6.254756405556590835e+02,5.968103611744636510e+02
4.110000000000000000e+02,6.353294653084163883e+02,5.923088893204611622e+02
4.120000000000000000e+02,6.427671541707062488e+02,5.920875928733266846e+02
4.130000000000000000e+02,6.532002351140673682e+02,5.891700711271023465e+02
4.140000000000000000e+02,6.590000000000000000e+02,5.880206513111836557e+02
4.150000000000000000e+02,6.483342604102145970e+02,5.861224653052026952e+02
4.160000000000000000e+02,6.383385692458804215e+02,5.819454724565455308e+02
4.170000000000000000e+02,6.284138474707232263e+02,5.776025461624282116e+02
4.180000000000000000e+02,6.184261957894912030e+02,5.734063663516002407e+02
4.190000000000000000e+02,6.088922789799512429e+02,5.700343002417974958e+02
4.200000000000000000e+02,6.032035942105407003e+02,5.641872323955773254e+02
4.210000000000000000e+02,5.960657362711208407e+02,5.618696675312595517e+02
4.220000000000000000e+02,5.888760963595245812e+02,5.573215941306079912e+02
4.230000000000000000e+02,5.799929121651570085e+02,5.581557281634139827e+02
4.240000000000000000e+02,5.717785162194882105e+02,5.580321079715299675e+02
4.250000000000000000e+02,5.613445994178878209e+02,5.568857192460538954e+02
4.260000000000000000e+02,5.535698367347939666e+02,5.584761728545220194e+02
4.270000000000000000e+02,5.475764751602067690e+02,5.606295534951550508e+02
4.280000000000000000e+02,5.410701184709914742e+02,5.640489704733615781e+02
4.290000000000000000e+02,5.328983256856888602e+02,5.684380896604194504e+02
4.300000000000000000e+02,5.240008864848483654e+02,5.746184364773727111e+02
4.310000000000000000e+02,5.135381916009239376e+02,5.774279074020156486e+02
4.320000000000000000e+02,5.029234798621998266e+02,5.752624961675854820e+02
4.330000000000000000e+02,4.943621553226637388e+02,5.698432652470759194e+02
4.340000000000000000e+02,4.848720031316587438e+02,5.667743667401282437e+02
4.350000000000000000e+02,4.744623181436030563e+02,5.656909686365561356e+02
4.360000000000000000e+02,4.687866912863083826e+02,5.652675750277246607e+02
4.370000000000000000e+02,4.616469850912858988e+02,5.638877644158494604e+02
4.380000000000000000e+02,4.541980823926409130e+02,5.610356065171151840e+02
4.390000000000000000e+02,4.496399830012299503e+02,5.614790537330720781e+02
4.400000000000000000e+02,4.467977883507357433e+02,5.629704299617015977e+02
4.410000000000000000e+02,4.417666849052969269e+02,5.626111000502284014e+02
4.420000000000000000e+02,4.369552912774375386e+02,5.637815861031074292e+02
4.430000000000000000e+02,4.354999479710796209e+02,5.655695887362288659e+02
4.440000000000000000e+02,4.353775145080594484e+02,5.665862802250297818e+02
4.450000000000000000e+02,4.361264414465366031e+02,5.714740861455636605e+02
4.460000000000000000e+02,4.392928126167401501e+02,5.748789645430492783e+02
4.470000000000000000e+02,4.429372790896956644e+02,5.824909209929157896e+02
4.480000000000000000e+02,4.447524384086895566e+02,5.889480501735469034e+02
4.490000000000000000e+02,4.461665489355155501e+02,5.941773705320493946e+02
