frame,t,state,centroid_err_px,pointing_coarse_px,pointing_fine_px,snr,ai_conf,pointing_loss_db,rx_power_dbm,link_margin_db,ber,link_status,imm_probs
0,0.0,SEARCH,0.14904570306438863,224.8599564173221,224.8599564173221,77.68318,0.764648033813361,60.0,-91.0,-53.0,0.5,OUTAGE,"(1.0, 0.0, 0.0)"
1,0.033,TRACK,0.8617840610046517,200.12079162896953,0.8617840610046517,84.438324,0.7682052554603434,0.02,-31.02,6.98,1.999492095625216e-10,LOCKED,"(0.6, 0.2, 0.2)"
2,0.067,TRACK,0.5939229267949067,173.96135130750608,0.5939229267949067,78.800476,0.7660984662729238,0.01,-31.01,6.99,1.9052556835254116e-10,LOCKED,"(0.548, 0.232, 0.22)"
3,0.1,TRACK,0.6151287608425533,144.81692509361596,0.6151287608425533,75.96113,0.7682672052763901,0.01,-31.01,6.99,1.911319935409881e-10,LOCKED,"(0.506, 0.258, 0.236)"
4,0.133,TRACK,0.5622887208753086,113.88103290105916,0.5622887208753086,77.521515,0.7693124518643792,0.01,-31.01,6.99,1.896636258462738e-10,LOCKED,"(0.436, 0.328, 0.236)"
5,0.167,TRACK,0.8814228758166013,81.67981644793062,0.8814228758166013,76.91708,0.7754638486135899,0.02,-31.02,6.98,2.007974211150306e-10,LOCKED,"(0.312, 0.49, 0.198)"
6,0.2,TRACK,0.5213263423972319,52.06527729417067,0.5213263423972319,76.96063,0.7684081739571882,0.01,-31.01,6.99,1.8862257807893148e-10,LOCKED,"(0.232, 0.602, 0.166)"
7,0.233,TRACK,0.734474961168558,22.648135758336657,0.734474961168558,80.048744,0.7678386283339655,0.01,-31.01,6.99,1.9498391209435876e-10,LOCKED,"(0.231, 0.596, 0.172)"
8,0.267,TRACK,1.0326074958973022,2.5697976244468075,1.0326074958973022,71.40496,0.7682945623008541,0.03,-31.03,6.97,2.081050562814266e-10,LOCKED,"(0.283, 0.503, 0.214)"
9,0.3,TRACK,0.4852290734478198,1.278126417230015,0.4852290734478198,73.06926,0.7681680758425942,0.01,-31.01,6.99,1.877744639637971e-10,LOCKED,"(0.341, 0.399, 0.26)"
10,0.333,TRACK,1.0800584237611868,0.7216615792037971,1.0800584237611868,77.094406,0.7668866722685286,0.03,-31.03,6.97,2.1069513772803594e-10,LOCKED,"(0.364, 0.348, 0.288)"
11,0.367,TRACK,0.8136134160074328,4.717347199477705,0.8136134160074328,68.208405,0.7695467598117092,0.02,-31.02,6.98,1.9796309011663042e-10,LOCKED,"(0.374, 0.3, 0.325)"
12,0.4,TRACK,0.5358899158227017,4.574333315646743,0.5358899158227017,61.31652,0.765320320871028,0.01,-31.01,6.99,1.8898307300913837e-10,LOCKED,"(0.342, 0.33, 0.327)"
13,0.433,TRACK,0.6991018624740736,8.432328473637655,0.6991018624740736,62.016403,0.7652595334142829,0.01,-31.01,6.99,1.9376330941068657e-10,LOCKED,"(0.175, 0.631, 0.195)"
14,0.467,TRACK,0.44393937364944486,4.25675717538633,0.44393937364944486,61.614193,0.7686350640290721,0.01,-31.01,6.99,1.8688287590408904e-10,LOCKED,"(0.145, 0.722, 0.133)"
15,0.5,TRACK,1.1959482606387761,8.922878405122518,1.1959482606387761,60.906822,0.7710984758938798,0.04,-31.04,6.96,2.1765726016998013e-10,LOCKED,"(0.201, 0.642, 0.157)"
16,0.533,TRACK,0.5415382976988927,11.484426954402426,0.5415382976988927,59.14377,0.7674088255492928,0.01,-31.01,6.99,1.8912574215502872e-10,LOCKED,"(0.211, 0.652, 0.137)"
17,0.567,TRACK,1.0807700374903628,12.200344492032919,1.0807700374903628,59.48355,0.7682521656087462,0.03,-31.03,6.97,2.1073510399003677e-10,LOCKED,"(0.083, 0.863, 0.054)"
18,0.6,TRACK,0.8588580292529414,12.87546327085981,0.8588580292529414,56.943077,0.7674247173119179,0.02,-31.02,6.98,1.9982475631356925e-10,LOCKED,"(0.065, 0.886, 0.05)"
19,0.633,TRACK,1.025510629369646,9.090020483635945,1.025510629369646,56.47702,0.7647740374633007,0.03,-31.03,6.97,2.0773021698130412e-10,LOCKED,"(0.089, 0.843, 0.069)"
20,0.667,TRACK,0.8876005264557955,7.126186939542628,0.8876005264557955,55.411617,0.7663293897817822,0.02,-31.02,6.98,2.0106890874859832e-10,LOCKED,"(0.16, 0.72, 0.12)"
21,0.7,TRACK,0.7898540483529999,7.8309507426716385,0.7898540483529999,49.302753,0.7634871852075549,0.02,-31.02,6.98,1.9703206180166003e-10,LOCKED,"(0.265, 0.544, 0.19)"
22,0.733,TRACK,0.861083596309786,6.437586581047614,0.861083596309786,54.07947,0.7628963886689336,0.02,-31.02,6.98,1.9991937136373703e-10,LOCKED,"(0.349, 0.412, 0.239)"
23,0.767,TRACK,0.5464736616618101,5.416462219141382,0.5464736616618101,55.191437,0.7674789856950857,0.01,-31.01,6.99,1.8925171123795425e-10,LOCKED,"(0.308, 0.489, 0.203)"
24,0.8,TRACK,1.1423611378734633,3.921573483643095,1.1423611378734633,53.061386,0.7732270862474971,0.03,-31.03,6.97,2.143230256221272e-10,LOCKED,"(0.282, 0.528, 0.19)"
25,0.833,TRACK,0.6580049031237973,3.5250470719126086,0.6580049031237973,53.807148,0.7695760906522418,0.01,-31.01,6.99,1.924292360294574e-10,LOCKED,"(0.258, 0.563, 0.179)"
26,0.867,TRACK,0.7401969427573245,2.496142299993289,0.7401969427573245,53.982098,0.7664987259726417,0.01,-31.01,6.99,1.9518772628283116e-10,LOCKED,"(0.28, 0.522, 0.198)"
27,0.9,TRACK,1.0514721694649272,1.81945792191865,1.0514721694649272,50.634842,0.7655047099388415,0.03,-31.03,6.97,2.091172102619933e-10,LOCKED,"(0.393, 0.32, 0.287)"
28,0.933,TRACK,0.9983874689476914,2.343652021101311,0.9983874689476914,55.951977,0.7699947242938769,0.03,-31.03,6.97,2.063271905903254e-10,LOCKED,"(0.465, 0.197, 0.337)"
29,0.967,TRACK,0.7734246699867736,5.1670762560614625,0.7734246699867736,57.64587,0.7711422786877007,0.02,-31.02,6.98,1.9640675259057385e-10,LOCKED,"(0.458, 0.237, 0.305)"
30,1.0,TRACK,0.8483785640529673,3.1983413761556885,0.8483785640529673,56.697193,0.7612218475081742,0.02,-31.02,6.98,1.993831005218416e-10,LOCKED,"(0.476, 0.201, 0.322)"
31,1.033,TRACK,1.0267942989325758,5.588572346444091,1.0267942989325758,50.27371,0.7658516747195545,0.03,-31.03,6.97,2.0779777829295402e-10,LOCKED,"(0.485, 0.121, 0.394)"
32,1.067,TRACK,0.6729029061723444,3.557860874121889,0.6729029061723444,53.565464,0.7650306421185381,0.01,-31.01,6.99,1.9290250882199535e-10,LOCKED,"(0.451, 0.119, 0.431)"
33,1.1,TRACK,1.2712662441804454,3.8225073024038814,1.2712662441804454,53.805172,0.7650294407149785,0.04,-31.04,6.96,2.226929130245299e-10,LOCKED,"(0.446, 0.185, 0.369)"
34,1.133,TRACK,0.5515183910105674,4.389296305762458,0.5515183910105674,54.817955,0.7672611455487464,0.01,-31.01,6.99,1.893817364636119e-10,LOCKED,"(0.418, 0.301, 0.28)"
35,1.167,TRACK,0.715169142393134,4.282685258371972,0.715169142393134,54.5222,0.7702722563443907,0.01,-31.01,6.99,1.9430936745272226e-10,LOCKED,"(0.344, 0.449, 0.206)"
36,1.2,TRACK,0.9539716067169877,4.182642248327361,0.9539716067169877,50.365173,0.7716463821837916,0.02,-31.02,6.98,2.041292084202746e-10,LOCKED,"(0.329, 0.461, 0.209)"
37,1.233,TRACK,0.7171902612033854,2.5609816353467116,0.7171902612033854,51.355824,0.7689163539803989,0.01,-31.01,6.99,1.9437904019494284e-10,LOCKED,"(0.352, 0.404, 0.245)"
38,1.267,TRACK,0.7822833270980265,3.189912400933235,0.7822833270980265,55.903194,0.7683410927709867,0.02,-31.02,6.98,1.967420489661434e-10,LOCKED,"(0.397, 0.295, 0.309)"
39,1.3,TRACK,0.5387531769503922,4.839496663838691,0.5387531769503922,52.402058,0.7656024654009796,0.01,-31.01,6.99,1.8905519468237295e-10,LOCKED,"(0.419, 0.206, 0.375)"
40,1.333,TRACK,0.8184702501351753,5.424950351010921,0.8184702501351753,52.39,0.766813923136591,0.02,-31.02,6.98,1.9815733048763986e-10,LOCKED,"(0.425, 0.124, 0.451)"
41,1.367,TRACK,1.0268524167506705,6.239391155994809,1.0268524167506705,51.527657,0.7679445785907237,0.03,-31.03,6.97,2.07800839609082e-10,LOCKED,"(0.434, 0.12, 0.446)"
42,1.4,TRACK,0.9707658164290087,9.981562916966773,0.9707658164290087,53.012547,0.769293358045503,0.03,-31.03,6.97,2.0494591920494155e-10,LOCKED,"(0.43, 0.252, 0.318)"
43,1.433,TRACK,0.19198525336876127,14.141883753019467,0.19198525336876127,55.98945,0.7656934477593381,0.0,-31.0,7.0,1.8320269018904123e-10,LOCKED,"(0.2, 0.677, 0.123)"
44,1.467,TRACK,0.9763243718306205,18.299044921446878,0.9763243718306205,57.41209,0.7691424486311809,0.03,-31.03,6.97,2.0522006765868752e-10,LOCKED,"(0.01, 0.98, 0.01)"
45,1.5,TRACK,0.7624582685445022,16.202007119892684,0.7624582685445022,56.40282,0.7709271407856914,0.02,-31.02,6.98,1.9599770656376712e-10,LOCKED,"(0.053, 0.905, 0.041)"
46,1.533,TRACK,0.3052955878118216,13.27625022176012,0.3052955878118216,56.120655,0.7694204866472347,0.0,-31.0,7.0,1.8448899572981923e-10,LOCKED,"(0.051, 0.909, 0.04)"
47,1.567,TRACK,1.0681571369339042,8.733661064166192,1.0681571369339042,52.259396,0.7709592661630595,0.03,-31.03,6.97,2.1003168444697117e-10,LOCKED,"(0.071, 0.873, 0.056)"
48,1.6,TRACK,0.9038704476074207,5.245500818748423,0.9038704476074207,52.669174,0.7690631191783444,0.02,-31.02,6.98,2.0179470024676365e-10,LOCKED,"(0.195, 0.655, 0.15)"
49,1.633,TRACK,0.22825887271737744,8.786189665377584,0.22825887271737744,54.28954,0.7608093492613117,0.0,-31.0,7.0,1.8354983463447508e-10,LOCKED,"(0.492, 0.13, 0.378)"
50,1.667,TRACK,0.7135526395816468,8.390664283185613,0.7135526395816468,53.428673,0.7651983229299186,0.01,-31.01,6.99,1.9425380133564915e-10,LOCKED,"(0.529, 0.05, 0.421)"
51,1.7,TRACK,0.692122935835313,12.538168755265447,0.692122935835313,53.96984,0.7661860195568722,0.01,-31.01,6.99,1.935304360087553e-10,LOCKED,"(0.485, 0.059, 0.455)"
52,1.733,TRACK,1.2369522208472663,17.678261222260282,1.2369522208472663,50.58559,0.7690612310638563,0.04,-31.04,6.96,2.2034697760237218e-10,LOCKED,"(0.43, 0.05, 0.52)"
53,1.767,TRACK,0.8376459370820218,19.249207003944395,0.8376459370820218,50.18281,0.7611692444135087,0.02,-31.02,6.98,1.989373399399423e-10,LOCKED,"(0.382, 0.044, 0.574)"
54,1.8,TRACK,1.19782432479112,15.390750263766465,1.19782432479112,54.328564,0.7657446963614996,0.04,-31.04,6.96,2.1777767008554408e-10,LOCKED,"(0.342, 0.042, 0.616)"
55,1.833,TRACK,0.38702770808976183,12.016479228100685,0.38702770808976183,57.80534,0.7683310392956928,0.0,-31.0,7.0,1.8578937845461888e-10,LOCKED,"(0.3, 0.052, 0.647)"
56,1.867,TRACK,0.9180751945192251,6.855317018147251,0.9180751945192251,54.250633,0.7638855192560718,0.02,-31.02,6.98,2.0244123290654667e-10,LOCKED,"(0.278, 0.095, 0.626)"
57,1.9,TRACK,0.3636601376850537,4.769414842822898,0.3636601376850537,57.03942,0.7674132145000592,0.0,-31.0,7.0,1.853853211989407e-10,LOCKED,"(0.27, 0.172, 0.558)"
58,1.933,TRACK,0.618725218396828,3.687496997975374,0.618725218396828,57.74559,0.7637274790828521,0.01,-31.01,6.99,1.9123713781354632e-10,LOCKED,"(0.295, 0.271, 0.434)"
59,1.967,TRACK,0.5156623402092381,6.060679363380171,0.5156623402092381,53.180855,0.7694193612066111,0.01,-31.01,6.99,1.884852308748458e-10,LOCKED,"(0.309, 0.376, 0.315)"
60,2.0,TRACK,0.9360172772355179,11.787743126392495,0.9360172772355179,57.8083,0.7691802895012856,0.02,-31.02,6.98,2.032751747019167e-10,LOCKED,"(0.07, 0.885, 0.045)"
61,2.033,TRACK,0.35866788250478066,12.565603474378923,0.35866788250478066,53.53725,0.7670701991409096,0.0,-31.0,7.0,1.8530236308647493e-10,LOCKED,"(0.052, 0.907, 0.041)"
62,2.067,TRACK,0.941071913288765,11.236460775464048,0.941071913288765,58.43783,0.7722530091729565,0.02,-31.02,6.98,2.0351362467107294e-10,LOCKED,"(0.123, 0.782, 0.094)"
63,2.1,TRACK,0.1797108003928169,12.327316482247644,0.1797108003928169,58.436855,0.7698493573263974,0.0,-31.0,7.0,1.8309891356341076e-10,LOCKED,"(0.417, 0.295, 0.288)"
64,2.133,TRACK,0.9042984436612359,7.290671342856687,0.9042984436612359,57.3841,0.7653199163213003,0.02,-31.02,6.98,2.0181400477413836e-10,LOCKED,"(0.571, 0.079, 0.35)"
65,2.167,TRACK,1.001235619231479,4.526779676993488,1.001235619231479,54.855045,0.7665397524327788,0.03,-31.03,6.97,2.0647233244238445e-10,LOCKED,"(0.591, 0.071, 0.338)"
66,2.2,TRACK,1.077425072640265,3.342327189613882,1.077425072640265,56.575153,0.7675065382981563,0.03,-31.03,6.97,2.1054753265890466e-10,LOCKED,"(0.563, 0.073, 0.364)"
67,2.233,TRACK,0.8354252978369907,4.746840488094797,0.8354252978369907,58.560246,0.7678921655586048,0.02,-31.02,6.98,1.9884593559160188e-10,LOCKED,"(0.532, 0.067, 0.401)"
68,2.267,TRACK,0.7437114087474245,3.4576303303356704,0.7437114087474245,58.92323,0.7683352014201943,0.01,-31.01,6.99,1.9531379523683731e-10,LOCKED,"(0.495, 0.072, 0.433)"
69,2.3,TRACK,0.9574718244575062,5.203066663994199,0.9574718244575062,57.861835,0.7658992135928879,0.02,-31.02,6.98,2.0429799559876425e-10,LOCKED,"(0.499, 0.055, 0.445)"
70,2.333,TRACK,1.0965375103480022,8.518137636084154,1.0965375103480022,59.093433,0.7758270197565746,0.03,-31.03,6.97,2.1162928359713287e-10,LOCKED,"(0.43, 0.052, 0.518)"
71,2.367,TRACK,0.7180762907186996,7.071283008734723,0.7180762907186996,58.46364,0.7701497677508213,0.01,-31.01,6.99,1.9440965323035285e-10,LOCKED,"(0.382, 0.051, 0.567)"
72,2.4,TRACK,0.6689242200728063,4.159943478136334,0.6689242200728063,55.95128,0.7685376115972686,0.01,-31.01,6.99,1.9277496998167064e-10,LOCKED,"(0.37, 0.063, 0.567)"
73,2.433,TRACK,0.907678922755293,2.284544438956757,0.907678922755293,58.1051,0.7669935717897756,0.02,-31.02,6.98,2.019668625701486e-10,LOCKED,"(0.382, 0.076, 0.542)"
74,2.467,TRACK,0.39578666601267193,4.380753592087558,0.39578666601267193,56.45902,0.7689070635494064,0.0,-31.0,7.0,1.8594754211713064e-10,LOCKED,"(0.347, 0.062, 0.592)"
75,2.5,TRACK,0.7586135997649702,10.571632156629,0.7586135997649702,56.738747,0.7664502916603577,0.02,-31.02,6.98,1.9585587322273916e-10,LOCKED,"(0.308, 0.06, 0.632)"
76,2.533,TRACK,1.0896299786345907,16.14356511169929,1.0896299786345907,60.32126,0.7645768249042149,0.03,-31.03,6.97,2.112355170753786e-10,LOCKED,"(0.398, 0.06, 0.541)"
77,2.567,TRACK,0.5517038264552965,19.338775160015864,0.5517038264552965,52.668262,0.7644146239441316,0.01,-31.01,6.99,1.893865403575805e-10,LOCKED,"(0.669, 0.031, 0.3)"
78,2.6,TRACK,1.0239900042504018,20.227406414002242,1.0239900042504018,53.18388,0.7661935256384933,0.03,-31.03,6.97,2.0765032070396222e-10,LOCKED,"(0.899, 0.016, 0.085)"
79,2.633,TRACK,0.5838225369229022,19.445886783026754,0.5838225369229022,60.6599,0.7687525526434974,0.01,-31.01,6.99,1.9024482767666149e-10,LOCKED,"(0.922, 0.013, 0.065)"
80,2.667,TRACK,0.6475162117317869,17.748850712936676,0.6475162117317869,57.447163,0.7725908732012876,0.01,-31.01,6.99,1.921030369409766e-10,LOCKED,"(0.856, 0.012, 0.132)"
81,2.7,TRACK,0.7284898784838613,13.307996062401154,0.7284898784838613,52.761063,0.7673452884758549,0.01,-31.01,6.99,1.9477263285063838e-10,LOCKED,"(0.745, 0.016, 0.239)"
82,2.733,TRACK,0.8348340383886299,11.926520287656972,0.8348340383886299,55.929287,0.76917417755394,0.02,-31.02,6.98,1.9882164622156612e-10,LOCKED,"(0.617, 0.022, 0.361)"
83,2.767,TRACK,0.7162221399574145,11.646270978755963,0.7162221399574145,53.94918,0.7661974168589845,0.01,-31.01,6.99,1.943456392679561e-10,LOCKED,"(0.492, 0.026, 0.482)"
84,2.8,TRACK,0.4976785034702889,12.639881203020204,0.4976785034702889,58.453186,0.7675020311614053,0.01,-31.01,6.99,1.8805968835652833e-10,LOCKED,"(0.422, 0.032, 0.547)"
85,2.833,TRACK,1.5253506326184167,13.319534561505094,1.5253506326184167,60.620068,0.7644392538153286,0.06,-31.06,6.94,2.429894916341905e-10,LOCKED,"(0.353, 0.034, 0.614)"
86,2.867,TRACK,0.781657747743205,12.550082959455883,0.781657747743205,57.82401,0.7664299629567084,0.02,-31.02,6.98,1.9671822780385478e-10,LOCKED,"(0.298, 0.033, 0.668)"
87,2.9,TRACK,1.093394514000163,10.727880519509533,1.093394514000163,57.004635,0.7693961919026131,0.03,-31.03,6.97,2.1144972084436314e-10,LOCKED,"(0.368, 0.053, 0.579)"
88,2.933,TRACK,0.5123188637722379,13.424098602088591,0.5123188637722379,54.832035,0.765116081005981,0.01,-31.01,6.99,1.8840490281337516e-10,LOCKED,"(0.487, 0.053, 0.46)"
89,2.967,TRACK,1.2026392129195744,13.584200071710379,1.2026392129195744,55.43135,0.7641195577023876,0.04,-31.04,6.96,2.1808785535237238e-10,LOCKED,"(0.625, 0.052, 0.323)"
90,3.0,TRACK,1.1866852999174449,13.919157529936925,1.1866852999174449,54.642704,0.7668932738299732,0.04,-31.04,6.96,2.1706642909566543e-10,LOCKED,"(0.759, 0.043, 0.199)"
91,3.033,TRACK,1.2023727536798579,12.050964669184179,1.2023727536798579,57.483437,0.7696500925347156,0.04,-31.04,6.96,2.1807064596248627e-10,LOCKED,"(0.825, 0.037, 0.138)"
92,3.067,TRACK,0.9036717055222531,8.948362902316179,0.9036717055222531,53.946377,0.7628724974083877,0.02,-31.02,6.98,2.0178573979799384e-10,LOCKED,"(0.828, 0.04, 0.132)"
93,3.1,TRACK,0.7945542945640577,6.59120607452475,0.7945542945640577,57.038486,0.7691290810211593,0.02,-31.02,6.98,1.9721372702858777e-10,LOCKED,"(0.803, 0.04, 0.157)"
94,3.133,TRACK,1.090651979287594,5.850294067455594,1.090651979287594,59.14519,0.7670505866095882,0.03,-31.03,6.97,2.112935759173288e-10,LOCKED,"(0.766, 0.045, 0.19)"
95,3.167,TRACK,0.5825140383951039,4.851357056011631,0.5825140383951039,59.839207,0.7680120839336193,0.01,-31.01,6.99,1.9020883872855124e-10,LOCKED,"(0.739, 0.049, 0.213)"
96,3.2,TRACK,0.8316641077067772,3.0646632641653233,0.8316641077067772,58.838863,0.7671561677832062,0.02,-31.02,6.98,1.986917643182987e-10,LOCKED,"(0.702, 0.056, 0.242)"
97,3.233,TRACK,0.8808041446448948,4.718369457838947,0.8808041446448948,60.12598,0.7689202327152189,0.02,-31.02,6.98,2.0077035349800604e-10,LOCKED,"(0.597, 0.063, 0.34)"
98,3.267,TRACK,1.0719066675406876,7.119466869114197,1.0719066675406876,58.528187,0.7680057230161521,0.03,-31.03,6.97,2.1023969966656388e-10,LOCKED,"(0.367, 0.084, 0.549)"
99,3.3,TRACK,1.0935810986167924,10.782392860849209,1.0935810986167924,61.761955,0.7692237655367555,0.03,-31.03,6.97,2.1146036219101415e-10,LOCKED,"(0.101, 0.211, 0.688)"
100,3.333,TRACK,0.9895563305282222,7.868534326422747,0.9895563305282222,57.03216,0.7713085920041132,0.03,-31.03,6.97,2.0588039435484272e-10,LOCKED,"(0.088, 0.229, 0.682)"
101,3.367,TRACK,0.2709798317519253,9.110639982075028,0.2709798317519253,59.90732,0.7667127896394426,0.0,-31.0,7.0,1.8403658381785362e-10,LOCKED,"(0.15, 0.384, 0.466)"
102,3.4,TRACK,0.45088044125936994,8.316289134400169,0.45088044125936994,60.036552,0.7683638438828733,0.01,-31.01,6.99,1.8702694322302353e-10,LOCKED,"(0.164, 0.731, 0.105)"
103,3.433,TRACK,0.6332109636027581,8.317467707029444,0.6332109636027581,56.845074,0.7633419889875059,0.01,-31.01,6.99,1.9166741459787655e-10,LOCKED,"(0.08, 0.873, 0.046)"
104,3.467,TRACK,1.2486720752244154,5.983541394489117,1.2486720752244154,58.10267,0.7652525318914574,0.04,-31.04,6.96,2.2113836360791803e-10,LOCKED,"(0.126, 0.779, 0.095)"
105,3.5,TRACK,0.9005493069979991,8.954805206335072,0.9005493069979991,56.67434,0.7657299460972393,0.02,-31.02,6.98,2.0164527207049557e-10,LOCKED,"(0.401, 0.295, 0.305)"
106,3.533,TRACK,0.3997236576529188,11.151499765988497,0.3997236576529188,58.273346,0.7683644541844379,0.0,-31.0,7.0,1.8601982939642005e-10,LOCKED,"(0.568, 0.03, 0.402)"
107,3.567,TRACK,0.9580086853569221,6.768581689364396,0.9580086853569221,56.552193,0.7666167741126326,0.02,-31.02,6.98,2.043239505008265e-10,LOCKED,"(0.558, 0.056, 0.387)"
108,3.6,TRACK,0.16572880607555202,3.103018001781379,0.16572880607555202,64.416824,0.76898875866353,0.0,-31.0,7.0,1.8298911170128152e-10,LOCKED,"(0.541, 0.079, 0.38)"
109,3.633,TRACK,0.9903645075585018,4.518955432865188,0.9903645075585018,57.527447,0.7694822811681653,0.03,-31.03,6.97,2.0592107951456177e-10,LOCKED,"(0.433, 0.248, 0.319)"
110,3.667,TRACK,0.7650955128212804,3.4688463179777993,0.7650955128212804,59.504967,0.7679024211793495,0.02,-31.02,6.98,1.9609546833761968e-10,LOCKED,"(0.333, 0.407, 0.259)"
111,3.7,TRACK,0.9377762045122651,2.5819052221662164,0.9377762045122651,57.373325,0.7649350257081489,0.02,-31.02,6.98,2.0335797540556886e-10,LOCKED,"(0.321, 0.418, 0.26)"
112,3.733,TRACK,1.1290695306757572,1.5489223544980122,1.1290695306757572,62.14521,0.7646811460827894,0.03,-31.03,6.97,2.1352695778290666e-10,LOCKED,"(0.396, 0.279, 0.326)"
113,3.767,TRACK,0.9300875321672736,5.557170842651644,0.9300875321672736,61.071747,0.7686048410891937,0.02,-31.02,6.98,2.029974145347848e-10,LOCKED,"(0.512, 0.083, 0.405)"
114,3.8,TRACK,0.2747309019025005,8.0738087031151,0.2747309019025005,59.217613,0.7671059571185145,0.0,-31.0,7.0,1.8408336521632112e-10,LOCKED,"(0.535, 0.075, 0.39)"
115,3.833,TRACK,0.6859890158371218,8.872869814617648,0.6859890158371218,60.60641,0.7636298399857708,0.01,-31.01,6.99,1.9332790485551199e-10,LOCKED,"(0.516, 0.141, 0.343)"
116,3.867,TRACK,0.31471832300634045,13.166999686396556,0.31471832300634045,58.55546,0.767342936700941,0.0,-31.0,7.0,1.846228541746484e-10,LOCKED,"(0.353, 0.422, 0.225)"
117,3.9,TRACK,0.7103198005906737,18.37337996256191,0.7103198005906737,61.307434,0.7702357929283024,0.01,-31.01,6.99,1.9414309709792675e-10,LOCKED,"(0.086, 0.85, 0.065)"
118,3.933,TRACK,0.4815195882191812,13.174125612100406,0.4815195882191812,60.989388,0.7629219031008583,0.01,-31.01,6.99,1.8769095247234332e-10,LOCKED,"(0.059, 0.893, 0.048)"
119,3.967,TRACK,1.350750450933218,3.947660494030077,1.350750450933218,56.131115,0.7672360023962548,0.05,-31.05,6.95,2.2847231350385497e-10,LOCKED,"(0.192, 0.655, 0.153)"
120,4.0,TRACK,0.10139920512031475,11.381355230742853,0.10139920512031475,57.202507,0.7650103841169216,0.0,-31.0,7.0,1.825989596257624e-10,LOCKED,"(0.5, 0.063, 0.438)"
121,4.033,TRACK,0.8865582923063209,11.541927225796687,0.8865582923063209,61.279163,0.7656214665070025,0.02,-31.02,6.98,2.0102294845945987e-10,LOCKED,"(0.43, 0.078, 0.492)"
122,4.067,TRACK,0.8581604177057477,12.472723112198915,0.8581604177057477,55.63463,0.7661474458543264,0.02,-31.02,6.98,1.9979515806084002e-10,LOCKED,"(0.366, 0.077, 0.557)"
123,4.1,TRACK,0.9898743956883647,13.089889372275318,0.9898743956883647,58.928463,0.7643063798843244,0.03,-31.03,6.97,2.0589640148032348e-10,LOCKED,"(0.312, 0.055, 0.633)"
124,4.133,TRACK,0.5778089753309005,15.341055703986049,0.5778089753309005,63.799923,0.7683656408802162,0.01,-31.01,6.99,1.9008015089549836e-10,LOCKED,"(0.269, 0.043, 0.688)"
125,4.167,TRACK,1.1977653184621577,16.941710055861204,1.1977653184621577,60.063805,0.7714769587400179,0.04,-31.04,6.96,2.17773879089657e-10,LOCKED,"(0.266, 0.032, 0.701)"
126,4.2,TRACK,0.9832121448804949,19.053214387330456,0.9832121448804949,59.149353,0.768202186211807,0.03,-31.03,6.97,2.0556243346646272e-10,LOCKED,"(0.273, 0.027, 0.7)"
127,4.233,TRACK,0.9234192138743582,16.519126256051717,0.9234192138743582,61.141727,0.7664296058595677,0.02,-31.02,6.98,2.0268759378124156e-10,LOCKED,"(0.336, 0.022, 0.642)"
128,4.267,TRACK,0.9443481985658376,13.734777175180392,0.9443481985658376,61.68887,0.7681842706568296,0.02,-31.02,6.98,2.0366901074343645e-10,LOCKED,"(0.363, 0.028, 0.609)"
129,4.3,TRACK,0.7944771013447463,10.480967785730826,0.7944771013447463,56.279068,0.7670927923007702,0.02,-31.02,6.98,1.9721073350335808e-10,LOCKED,"(0.38, 0.036, 0.583)"
130,4.333,TRACK,1.0907475767559456,11.805713310011653,1.0907475767559456,60.63012,0.7656452681875923,0.03,-31.03,6.97,2.1129901027493927e-10,LOCKED,"(0.37, 0.044, 0.586)"
131,4.367,TRACK,1.031971695730084,15.328200798367863,1.031971695730084,61.830395,0.7658655159405638,0.03,-31.03,6.97,2.0807134314212934e-10,LOCKED,"(0.382, 0.04, 0.579)"
132,4.4,TRACK,0.5287984070023625,18.012535648235,0.5287984070023625,63.032616,0.768928489766191,0.01,-31.01,6.99,1.8880621306208952e-10,LOCKED,"(0.451, 0.029, 0.52)"
133,4.433,TRACK,0.4231294563639634,17.970802316097195,0.4231294563639634,61.020382,0.7651020237135779,0.0,-31.0,7.0,1.8646494364318174e-10,LOCKED,"(0.451, 0.03, 0.519)"
134,4.467,TRACK,0.5868810681045934,18.80093315775675,0.5868810681045934,54.483845,0.7682770393617029,0.01,-31.01,6.99,1.9032928993090575e-10,LOCKED,"(0.406, 0.035, 0.559)"
135,4.5,TRACK,1.0142543154694943,16.913452598850135,1.0142543154694943,62.85916,0.7653859908890175,0.03,-31.03,6.97,2.071422853054163e-10,LOCKED,"(0.36, 0.032, 0.609)"
136,4.533,TRACK,0.2373630573471767,12.61570198256684,0.2373630573471767,57.27347,0.7677841787405568,0.0,-31.0,7.0,1.8364648243229023e-10,LOCKED,"(0.311, 0.037, 0.651)"
137,4.567,TRACK,1.113336407911668,6.502734021154912,1.113336407911668,62.370735,0.7681846776415284,0.03,-31.03,6.97,2.1260026540734386e-10,LOCKED,"(0.293, 0.07, 0.638)"
138,4.6,TRACK,0.542908800104354,5.896308410376369,0.542908800104354,59.634186,0.7703762262781961,0.01,-31.01,6.99,1.891605999410249e-10,LOCKED,"(0.295, 0.206, 0.499)"
139,4.633,TRACK,0.8390751588791373,4.1430973740282955,0.8390751588791373,56.584053,0.7645977228504044,0.02,-31.02,6.98,1.989963180737805e-10,LOCKED,"(0.361, 0.203, 0.436)"
140,4.667,TRACK,0.9677468663850946,3.652206835270076,0.9677468663850946,59.216606,0.7638956590567015,0.03,-31.03,6.97,2.0479782538250048e-10,LOCKED,"(0.425, 0.172, 0.403)"
141,4.7,TRACK,0.826533797293112,5.907200376816323,0.826533797293112,56.25974,0.773382680721017,0.02,-31.02,6.98,1.98482776147789e-10,LOCKED,"(0.457, 0.146, 0.397)"
142,4.733,TRACK,0.8202449304711545,9.150235239444042,0.8202449304711545,61.30639,0.7651169585118598,0.02,-31.02,6.98,1.9822863948067772e-10,LOCKED,"(0.483, 0.105, 0.412)"
143,4.767,TRACK,1.2714312092672762,9.985531940875113,1.2714312092672762,58.387054,0.7695878750446656,0.04,-31.04,6.96,2.2270440411717965e-10,LOCKED,"(0.515, 0.069, 0.416)"
144,4.8,TRACK,1.2136405616919572,9.844275940459035,1.2136405616919572,58.115345,0.7671091845806965,0.04,-31.04,6.96,2.1880285038028842e-10,LOCKED,"(0.544, 0.048, 0.407)"
145,4.833,TRACK,0.8868136549561949,4.124742733400269,0.8868136549561949,62.3918,0.7648672311575293,0.02,-31.02,6.98,2.010342034857457e-10,LOCKED,"(0.542, 0.081, 0.377)"
146,4.867,TRACK,0.9178445580865454,15.339215740966855,0.9178445580865454,61.51523,0.766474394498774,0.02,-31.02,6.98,2.0243063907960122e-10,LOCKED,"(0.054, 0.906, 0.04)"
147,4.9,TRACK,0.24816298740119805,21.628327758896255,0.24816298740119805,59.36995,0.7700868997050985,0.0,-31.0,7.0,1.837660997982323e-10,LOCKED,"(0.034, 0.94, 0.026)"
148,4.933,TRACK,0.46536727030448133,23.76402283596188,0.46536727030448133,59.52959,0.7646430037411716,0.01,-31.01,6.99,1.873351834249756e-10,LOCKED,"(0.091, 0.837, 0.072)"
149,4.967,TRACK,0.5349397471760043,20.070319326614776,0.5349397471760043,60.148952,0.7635346718261564,0.01,-31.01,6.99,1.889592302351066e-10,LOCKED,"(0.128, 0.785, 0.087)"
150,5.0,TRACK,0.8908177031625207,19.37193373575489,0.8908177031625207,60.60964,0.7664839078575082,0.02,-31.02,6.98,2.0121118326106062e-10,LOCKED,"(0.498, 0.217, 0.285)"
151,5.033,TRACK,0.273354367643406,17.47276426372132,0.273354367643406,60.398376,0.764657343609116,0.0,-31.0,7.0,1.8406612177958642e-10,LOCKED,"(0.657, 0.067, 0.276)"
152,5.067,TRACK,0.7936835571556948,11.649905765869786,0.7936835571556948,59.88836,0.7633058634021341,0.02,-31.02,6.98,1.9717997951183122e-10,LOCKED,"(0.677, 0.08, 0.243)"
153,5.1,TRACK,0.6542661543517959,6.574138293036633,0.6542661543517959,60.50863,0.770383373818293,0.01,-31.01,6.99,1.9231229895396292e-10,LOCKED,"(0.728, 0.028, 0.244)"
154,5.133,TRACK,0.37446737642341477,3.9682226163286054,0.37446737642341477,58.90255,0.773197052057636,0.0,-31.0,7.0,1.8556896268362752e-10,LOCKED,"(0.708, 0.032, 0.26)"
155,5.167,TRACK,0.6380125589566543,3.5941827404165605,0.6380125589566543,55.406666,0.7686704874762775,0.01,-31.01,6.99,1.918124429118406e-10,LOCKED,"(0.686, 0.031, 0.283)"
156,5.2,TRACK,0.21263521385732853,4.438791862146022,0.21263521385732853,57.576878,0.7698019933275617,0.0,-31.0,7.0,1.8339288907774726e-10,LOCKED,"(0.614, 0.032, 0.354)"
157,5.233,TRACK,0.26095126261728296,7.72017781027416,0.26095126261728296,60.219543,0.7648971877467023,0.0,-31.0,7.0,1.8391472400061387e-10,LOCKED,"(0.453, 0.026, 0.521)"
158,5.267,TRACK,0.9286902073390947,3.029211924054502,0.9286902073390947,58.922188,0.7659997600620339,0.02,-31.02,6.98,2.029322705982945e-10,LOCKED,"(0.436, 0.037, 0.527)"
159,5.3,TRACK,0.8334356071727529,2.777863794836821,0.8334356071727529,57.920357,0.7686610578011379,0.02,-31.02,6.98,1.9876427728952443e-10,LOCKED,"(0.494, 0.057, 0.448)"
160,5.333,TRACK,1.0437012538744883,8.850481767050699,1.0437012538744883,59.72185,0.7704041147236351,0.03,-31.03,6.97,2.086974880855769e-10,LOCKED,"(0.687, 0.054, 0.259)"
161,5.367,TRACK,0.3183604863705419,13.092814616229507,0.3183604863705419,56.248474,0.7681980910307842,0.0,-31.0,7.0,1.846757100813802e-10,LOCKED,"(0.837, 0.038, 0.124)"
162,5.4,TRACK,0.6853052637732125,16.550085047913964,0.6853052637732125,58.002464,0.7722730112883366,0.01,-31.01,6.99,1.9330545268975429e-10,LOCKED,"(0.874, 0.025, 0.101)"
163,5.433,TRACK,1.303260906360351,20.34711725993021,1.303260906360351,58.68312,0.7690073030597941,0.05,-31.05,6.95,2.2496033686045517e-10,LOCKED,"(0.816, 0.018, 0.166)"
164,5.467,TRACK,0.9056307111159289,21.201223056869853,0.9056307111159289,58.610554,0.7703368710503894,0.02,-31.02,6.98,2.0187416573083715e-10,LOCKED,"(0.627, 0.032, 0.341)"
165,5.5,TRACK,0.669670264357167,17.000279965037567,0.669670264357167,57.17565,0.7643440894651167,0.01,-31.01,6.99,1.92798821102078e-10,LOCKED,"(0.323, 0.016, 0.661)"
166,5.533,TRACK,1.186793609870688,15.823756490649695,1.186793609870688,57.907223,0.7703323844931131,0.04,-31.04,6.96,2.1707330223359602e-10,LOCKED,"(0.118, 0.013, 0.869)"
167,5.567,TRACK,1.1416579791779522,11.183666983980137,1.1416579791779522,57.006992,0.7675584486924173,0.03,-31.03,6.97,2.1428060729174725e-10,LOCKED,"(0.098, 0.014, 0.888)"
168,5.6,TRACK,0.6502463289582766,10.474576345637328,0.6502463289582766,61.139828,0.7672387281964197,0.01,-31.01,6.99,1.9218738871623786e-10,LOCKED,"(0.149, 0.012, 0.839)"
169,5.633,TRACK,0.8782333201175603,13.920439545521228,0.8782333201175603,58.68482,0.7661813329960162,0.02,-31.02,6.98,2.0065812830405188e-10,LOCKED,"(0.346, 0.006, 0.648)"
170,5.667,TRACK,0.6218969738228846,14.153764911361538,0.6218969738228846,58.442657,0.7638361495578943,0.01,-31.01,6.99,1.9133042038348459e-10,LOCKED,"(0.788, 0.002, 0.209)"
171,5.7,TRACK,0.9383552864806103,12.75192815384351,0.9383552864806103,58.403698,0.7620475175590617,0.02,-31.02,6.98,2.0338527646974211e-10,LOCKED,"(0.929, 0.005, 0.066)"
172,5.733,TRACK,0.6543613761564738,12.384345603080972,0.6543613761564738,63.82652,0.7641062813524679,0.01,-31.01,6.99,1.923152681062056e-10,LOCKED,"(0.881, 0.024, 0.095)"
173,5.767,TRACK,0.9070850450255639,15.416876416320044,0.9070850450255639,56.591667,0.768204170202913,0.02,-31.02,6.98,2.0193995945204217e-10,LOCKED,"(0.81, 0.053, 0.136)"
174,5.8,TRACK,0.9678309614250605,15.92382157690093,0.9678309614250605,62.835186,0.7704499702945479,0.03,-31.03,6.97,2.0480194302114056e-10,LOCKED,"(0.702, 0.113, 0.185)"
175,5.833,TRACK,0.801597312258403,13.500122988631468,0.801597312258403,57.852882,0.7634575711033158,0.02,-31.02,6.98,1.9748826013664697e-10,LOCKED,"(0.479, 0.261, 0.261)"
176,5.867,TRACK,0.9846264747645598,11.218388250832268,0.9846264747645598,58.459698,0.767355306769527,0.03,-31.03,6.97,2.0563309997244245e-10,LOCKED,"(0.514, 0.114, 0.372)"
177,5.9,TRACK,0.9020982759696236,11.50838076882193,0.9020982759696236,60.206684,0.7639285782136975,0.02,-31.02,6.98,2.0171488332919671e-10,LOCKED,"(0.445, 0.079, 0.476)"
178,5.933,TRACK,0.9976919205761505,10.769671756221351,0.9976919205761505,59.89287,0.766764662809867,0.03,-31.03,6.97,2.062918229480142e-10,LOCKED,"(0.364, 0.035, 0.602)"
179,5.967,TRACK,0.9968716261547695,9.379002609395904,0.9968716261547695,55.824665,0.7651496213453032,0.03,-31.03,6.97,2.062501512244164e-10,LOCKED,"(0.27, 0.032, 0.698)"
180,6.0,TRACK,0.8292674993808686,11.515007812680166,0.8292674993808686,57.00961,0.7686058324452694,0.02,-31.02,6.98,1.985939491603088e-10,LOCKED,"(0.198, 0.026, 0.776)"
181,6.033,TRACK,0.916505041833702,13.417335474933564,0.916505041833702,55.582695,0.7645263038990682,0.02,-31.02,6.98,2.0236917408721906e-10,LOCKED,"(0.171, 0.021, 0.808)"
182,6.067,TRACK,0.406655275988849,10.579354722232207,0.406655275988849,60.88509,0.7654091539482037,0.0,-31.0,7.0,1.861489064332617e-10,LOCKED,"(0.189, 0.023, 0.787)"
183,6.1,TRACK,0.5773078786809883,8.172473548067677,0.5773078786809883,54.511,0.7648760478252261,0.01,-31.01,6.99,1.900665117893515e-10,LOCKED,"(0.224, 0.03, 0.746)"
184,6.133,TRACK,0.9449469988751215,5.508423360711558,0.9449469988751215,58.973316,0.765255623814022,0.02,-31.02,6.98,2.0369748094761196e-10,LOCKED,"(0.262, 0.034, 0.704)"
185,6.167,TRACK,0.48531441689171934,7.283606526553798,0.48531441689171934,56.003048,0.7673489986589891,0.01,-31.01,6.99,1.8777639325683521e-10,LOCKED,"(0.372, 0.024, 0.604)"
186,6.2,TRACK,1.2106568271946063,8.67187171422445,1.2106568271946063,57.17116,0.7659485272977127,0.04,-31.04,6.96,2.1860806885129578e-10,LOCKED,"(0.477, 0.016, 0.506)"
187,6.233,TRACK,1.1364014812256948,9.911332963703462,1.1364014812256948,55.735313,0.7615347370452636,0.03,-31.03,6.97,2.1396458596059203e-10,LOCKED,"(0.46, 0.023, 0.517)"
188,6.267,TRACK,0.647490415519627,14.757865215328634,0.647490415519627,56.701,0.7660182178406811,0.01,-31.01,6.99,1.921022417817854e-10,LOCKED,"(0.301, 0.026, 0.673)"
189,6.3,TRACK,0.8823460725881185,15.649689721687242,0.8823460725881185,59.68121,0.762808307419478,0.02,-31.02,6.98,2.008378499819323e-10,LOCKED,"(0.097, 0.155, 0.748)"
190,6.333,TRACK,0.8274883305603045,14.641501457602216,0.8274883305603045,60.584484,0.7653240342000374,0.02,-31.02,6.98,1.985215462575152e-10,LOCKED,"(0.113, 0.532, 0.355)"
191,6.367,TRACK,0.8289018945999237,10.330020632527628,0.8289018945999237,53.898483,0.7647741567978027,0.02,-31.02,6.98,1.9857905620452206e-10,LOCKED,"(0.208, 0.529, 0.263)"
192,6.4,TRACK,0.9617090098342466,9.498226431828828,0.9617090098342466,61.17204,0.7675186929777423,0.02,-31.02,6.98,2.0450332659246236e-10,LOCKED,"(0.43, 0.057, 0.513)"
193,6.433,TRACK,1.124204075542619,6.8211526680602175,1.124204075542619,60.484844,0.7681231097199048,0.03,-31.03,6.97,2.132385794311664e-10,LOCKED,"(0.414, 0.034, 0.551)"
194,6.467,TRACK,0.8747982019897124,6.329582012272926,0.8747982019897124,56.694733,0.7667373840283773,0.02,-31.02,6.98,2.0050877839538062e-10,LOCKED,"(0.417, 0.045, 0.538)"
195,6.5,TRACK,0.5162528324411496,9.63279311655369,0.5162528324411496,58.94272,0.7645872867489107,0.01,-31.01,6.99,1.884994753253833e-10,LOCKED,"(0.473, 0.057, 0.47)"
196,6.533,TRACK,0.9416895724221676,10.413849309732658,0.9416895724221676,58.9376,0.7665936966285543,0.02,-31.02,6.98,2.0354286878340182e-10,LOCKED,"(0.528, 0.134, 0.338)"
197,6.567,TRACK,0.7269358742446701,11.505135544854395,0.7269358742446701,62.25491,0.7684715867606071,0.01,-31.01,6.99,1.9471809309085396e-10,LOCKED,"(0.476, 0.312, 0.212)"
198,6.6,TRACK,0.8169585074505862,11.175869020811684,0.8169585074505862,61.101578,0.7688699935949674,0.02,-31.02,6.98,1.9809672768720531e-10,LOCKED,"(0.161, 0.724, 0.115)"
199,6.633,TRACK,0.9660258434886893,10.466223449339218,0.9660258434886893,59.09427,0.7671286424338134,0.03,-31.03,6.97,2.0471365288196724e-10,LOCKED,"(0.413, 0.247, 0.341)"
200,6.667,TRACK,1.0827569188856603,12.33804164081082,1.0827569188856603,57.21572,0.7643178951372216,0.03,-31.03,6.97,2.108468705433524e-10,LOCKED,"(0.463, 0.05, 0.487)"
201,6.7,TRACK,0.815348652437668,11.61583305272459,0.815348652437668,59.608402,0.7643370356069268,0.02,-31.02,6.98,1.9803233426598644e-10,LOCKED,"(0.39, 0.027, 0.583)"
202,6.733,TRACK,1.1378585567843278,7.1760177404821,1.1378585567843278,58.896465,0.7641853809604316,0.03,-31.03,6.97,2.1405199504059861e-10,LOCKED,"(0.328, 0.031, 0.641)"
203,6.767,TRACK,1.2860673733226755,1.0515015883988756,1.2860673733226755,58.823826,0.7688590847642356,0.04,-31.04,6.96,2.2373213418843186e-10,LOCKED,"(0.335, 0.081, 0.584)"
204,6.8,TRACK,0.3867333707051717,2.666840126549334,0.3867333707051717,60.666756,0.7709439886761749,0.0,-31.0,7.0,1.8578412716299063e-10,LOCKED,"(0.394, 0.092, 0.514)"
205,6.833,TRACK,0.5686122777491271,4.485715888579013,0.5686122777491271,60.667236,0.7711302629839349,0.01,-31.01,6.99,1.8983186076458772e-10,LOCKED,"(0.477, 0.073, 0.451)"
206,6.867,TRACK,1.4602489563684775,7.737096988534676,1.4602489563684775,59.00006,0.7643944537213253,0.06,-31.06,6.94,2.372694448786429e-10,LOCKED,"(0.566, 0.062, 0.372)"
207,6.9,TRACK,1.102737254578758,16.59791094739657,1.102737254578758,58.425423,0.7673550011290087,0.03,-31.03,6.97,2.119854210199182e-10,LOCKED,"(0.702, 0.055, 0.243)"
208,6.933,TRACK,1.0227961041645686,23.66807715785689,1.0227961041645686,60.239952,0.767781166822907,0.03,-31.03,6.97,2.075876946542266e-10,LOCKED,"(0.629, 0.12, 0.251)"
209,6.967,TRACK,0.6337478293906388,30.269394198218322,0.6337478293906388,62.37446,0.7703721371037584,0.01,-31.01,6.99,1.916835706293395e-10,LOCKED,"(0.576, 0.165, 0.259)"
210,7.0,TRACK,0.7896760059403161,34.844444880238726,0.7896760059403161,64.24546,0.7689358066915299,0.02,-31.02,6.98,1.9702520474287376e-10,LOCKED,"(0.535, 0.198, 0.267)"
211,7.033,TRACK,1.2039367839046917,36.66278152105138,1.2039367839046917,56.926765,0.7673655286620462,0.04,-31.04,6.96,2.1817173254048452e-10,LOCKED,"(0.504, 0.222, 0.274)"
212,7.067,TRACK,0.9363362658682778,33.06787095924629,0.9363362658682778,64.64941,0.7657746214342666,0.02,-31.02,6.98,2.0329017702824129e-10,LOCKED,"(0.479, 0.241, 0.28)"
213,7.1,TRACK,0.8877531485692984,24.874444563313077,0.8877531485692984,58.621582,0.7682448321559283,0.02,-31.02,6.98,2.0107564442854714e-10,LOCKED,"(0.073, 0.879, 0.048)"
214,7.133,TRACK,0.6795073692619528,18.697157811759585,0.6795073692619528,61.963604,0.7681174367890902,0.01,-31.01,6.99,1.93116067588098e-10,LOCKED,"(0.156, 0.672, 0.172)"
215,7.167,TRACK,1.1186232301185006,18.01740427914168,1.1186232301185006,59.577335,0.7631679167306965,0.03,-31.03,6.97,2.1290978587256066e-10,LOCKED,"(0.389, 0.041, 0.57)"
216,7.2,TRACK,0.6229148947147224,10.817473771864195,0.6229148947147224,62.27355,0.7677694244487199,0.01,-31.01,6.99,1.913604681496177e-10,LOCKED,"(0.398, 0.037, 0.565)"
217,7.233,TRACK,0.3028843579201622,8.154089927209561,0.3028843579201622,59.22613,0.7650341696312355,0.0,-31.0,7.0,1.8445541032377026e-10,LOCKED,"(0.447, 0.045, 0.508)"
218,7.267,TRACK,0.9166571712860585,4.8998702867702395,0.9166571712860585,61.476357,0.7688788187661046,0.02,-31.02,6.98,2.0237614928178396e-10,LOCKED,"(0.479, 0.055, 0.465)"
219,7.3,TRACK,0.8895233017527184,1.755532679113997,0.8895233017527184,58.837585,0.7655468720737758,0.02,-31.02,6.98,2.011538670187363e-10,LOCKED,"(0.465, 0.068, 0.467)"
220,7.333,TRACK,0.9328134582563885,4.411415123656497,0.9328134582563885,57.25679,0.7682884331428961,0.02,-31.02,6.98,2.0312483785579484e-10,LOCKED,"(0.478, 0.05, 0.472)"
221,7.367,TRACK,0.36011341081261006,2.8809888316470156,0.36011341081261006,58.60453,0.7677130172782128,0.0,-31.0,7.0,1.8532626238540195e-10,LOCKED,"(0.431, 0.075, 0.495)"
222,7.4,TRACK,0.8565016788686144,5.499972946461517,0.8565016788686144,61.48609,0.7657386022362437,0.02,-31.02,6.98,1.9972489440159283e-10,LOCKED,"(0.445, 0.047, 0.508)"
223,7.433,TRACK,1.1688222074627848,9.364760306437363,1.1688222074627848,60.04834,0.7695776726334,0.04,-31.04,6.96,2.1594424013566455e-10,LOCKED,"(0.479, 0.043, 0.478)"
224,7.467,TRACK,0.837855178283828,10.875097730008132,0.837855178283828,58.11116,0.7627594706149843,0.02,-31.02,6.98,1.9894596714700504e-10,LOCKED,"(0.544, 0.032, 0.424)"
225,7.5,TRACK,1.252062403609222,12.314707554333403,1.252062403609222,61.8844,0.76739632918261,0.04,-31.04,6.96,2.2136919538056255e-10,LOCKED,"(0.714, 0.024, 0.262)"
226,7.533,TRACK,1.1565259228578815,11.01789110093949,1.1565259228578815,57.942036,0.7638604166171394,0.04,-31.04,6.96,2.1518480880474296e-10,LOCKED,"(0.847, 0.023, 0.13)"
227,7.567,TRACK,0.25524807481065726,10.159117562373241,0.25524807481065726,61.118874,0.7743014826241219,0.0,-31.0,7.0,1.8384750548530058e-10,LOCKED,"(0.836, 0.025, 0.139)"
228,7.6,TRACK,0.7567362197936756,21.63348334598287,0.7567362197936756,57.458652,0.7660162695680268,0.02,-31.02,6.98,1.9578691080778937e-10,LOCKED,"(0.732, 0.099, 0.169)"
229,7.633,TRACK,0.908485705334332,32.463898256772836,0.908485705334332,62.425247,0.767565790155428,0.02,-31.02,6.98,2.0200344411819666e-10,LOCKED,"(0.656, 0.151, 0.194)"
230,7.667,TRACK,0.17330747479232028,38.06779557052028,0.17330747479232028,57.69689,0.7642205295491789,0.0,-31.0,7.0,1.8304751663641797e-10,LOCKED,"(0.602, 0.184, 0.214)"
231,7.7,TRACK,0.4309409508632044,37.81543854016895,0.4309409508632044,59.986595,0.766046743625526,0.0,-31.0,7.0,1.8661936885141739e-10,LOCKED,"(0.561, 0.209, 0.23)"
232,7.733,TRACK,0.854077297030127,24.100903684479093,0.854077297030127,57.09262,0.7693351419300853,0.02,-31.02,6.98,1.996224850152114e-10,LOCKED,"(0.023, 0.189, 0.789)"
233,7.767,TRACK,0.6527417266666947,10.90027300384127,0.6527417266666947,63.224464,0.7657151359172913,0.01,-31.01,6.99,1.9226482986952973e-10,LOCKED,"(0.074, 0.036, 0.89)"
234,7.8,TRACK,0.40976511909542385,6.468460279927515,0.40976511909542385,59.918602,0.7647434104050392,0.0,-31.0,7.0,1.8620756559895433e-10,LOCKED,"(0.145, 0.041, 0.814)"
235,7.833,TRACK,0.9448800850654346,7.078848803393058,0.9448800850654346,61.18081,0.7656683284300838,0.02,-31.02,6.98,2.0369429841975795e-10,LOCKED,"(0.179, 0.065, 0.756)"
236,7.867,TRACK,0.7872494831209005,12.534459155355202,0.7872494831209005,54.372818,0.7689848210830825,0.02,-31.02,6.98,1.969319272079937e-10,LOCKED,"(0.309, 0.044, 0.647)"
237,7.9,TRACK,1.3034441271766033,17.729896910512835,1.3034441271766033,56.679626,0.7658753828961187,0.05,-31.05,6.95,2.2497354758295126e-10,LOCKED,"(0.66, 0.033, 0.306)"
238,7.933,TRACK,0.9286070685469059,17.929100659449528,0.9286070685469059,60.48064,0.7693307072348934,0.02,-31.02,6.98,2.029283983423482e-10,LOCKED,"(0.899, 0.027, 0.075)"
239,7.967,TRACK,0.9927713950520312,17.781954666951375,0.9927713950520312,60.18402,0.7685003924501623,0.03,-31.03,6.97,2.0604248897220847e-10,LOCKED,"(0.907, 0.023, 0.071)"
240,8.0,TRACK,1.3250980268525652,16.851141018968395,1.3250980268525652,57.499863,0.7672179659660581,0.05,-31.05,6.95,2.265532264179273e-10,LOCKED,"(0.844, 0.016, 0.14)"
241,8.033,TRACK,0.9835240611544197,16.06678900446135,0.9835240611544197,58.119987,0.7690941494697721,0.03,-31.03,6.97,2.0557800754007617e-10,LOCKED,"(0.67, 0.011, 0.319)"
242,8.067,TRACK,0.4558258844567755,13.178173770969307,0.4558258844567755,61.487442,0.7693959126470837,0.01,-31.01,6.99,1.8713101898335832e-10,LOCKED,"(0.375, 0.011, 0.614)"
243,8.1,TRACK,0.41261860854910754,8.022252422514136,0.41261860854910754,60.529015,0.7675528131069116,0.0,-31.0,7.0,1.8626179809437911e-10,LOCKED,"(0.198, 0.021, 0.781)"
244,8.133,TRACK,0.7946074925186191,2.352673933768564,0.7946074925186191,58.892803,0.766149240624458,0.02,-31.02,6.98,1.972157902205387e-10,LOCKED,"(0.233, 0.062, 0.705)"
245,8.167,TRACK,1.0151573626886685,7.5726894339387885,1.0151573626886685,60.140236,0.7668602738377621,0.03,-31.03,6.97,2.0718915502496012e-10,LOCKED,"(0.247, 0.463, 0.29)"
246,8.2,TRACK,1.1743005799816069,7.568285425669363,1.1743005799816069,58.46785,0.7664137318414714,0.04,-31.04,6.96,2.162860048281748e-10,LOCKED,"(0.203, 0.66, 0.138)"
247,8.233,TRACK,1.0041244816031007,7.862572229428656,1.0041244816031007,60.85861,0.7734312134392736,0.03,-31.03,6.97,2.0662007098557224e-10,LOCKED,"(0.48, 0.176, 0.343)"
248,8.267,TRACK,0.3380233472534505,13.15143258793995,0.3380233472534505,57.908676,0.769672947730164,0.0,-31.0,7.0,1.8497183237091725e-10,LOCKED,"(0.573, 0.016, 0.411)"
249,8.3,TRACK,0.9382491301489055,9.938502293278225,0.9382491301489055,60.928787,0.7657746129233491,0.02,-31.02,6.98,2.033802701620242e-10,LOCKED,"(0.568, 0.025, 0.407)"
250,8.333,TRACK,0.6403450033683353,8.58565048046718,0.6403450033683353,56.10189,0.7663679696289022,0.01,-31.01,6.99,1.9188332582110258e-10,LOCKED,"(0.566, 0.026, 0.409)"
251,8.367,TRACK,0.26757610886297123,8.700470679219706,0.26757610886297123,56.518204,0.7720645094629599,0.0,-31.0,7.0,1.8399470050737307e-10,LOCKED,"(0.547, 0.024, 0.429)"
252,8.4,TRACK,0.8025398754680103,6.256738943240674,0.8025398754680103,56.99489,0.7676161766011842,0.02,-31.02,6.98,1.9752521229048855e-10,LOCKED,"(0.477, 0.082, 0.441)"
253,8.433,TRACK,0.9545776621620877,9.658555637483202,0.9545776621620877,59.80627,0.7675842240659488,0.02,-31.02,6.98,2.041583798331383e-10,LOCKED,"(0.256, 0.458, 0.286)"
254,8.467,TRACK,0.3751743337140599,8.898698024865027,0.3751743337140599,58.428104,0.7662118248026885,0.0,-31.0,7.0,1.8558116914260047e-10,LOCKED,"(0.071, 0.876, 0.054)"
255,8.5,TRACK,0.8283165036470326,5.253122885284249,0.8283165036470326,58.58599,0.7679469366078882,0.02,-31.02,6.98,1.9855522611841678e-10,LOCKED,"(0.339, 0.397, 0.263)"
256,8.533,TRACK,0.8824221334227361,8.28857131318326,0.8824221334227361,60.995384,0.7669588949102035,0.02,-31.02,6.98,2.0084118308979526e-10,LOCKED,"(0.537, 0.041, 0.422)"
257,8.567,TRACK,0.2588842054128871,8.042366122329904,0.2588842054128871,57.449997,0.7660357605387078,0.0,-31.0,7.0,1.8389018707429673e-10,LOCKED,"(0.502, 0.084, 0.414)"
258,8.6,TRACK,1.1750583943075992,13.059530414861424,1.1750583943075992,62.27992,0.7656014608468344,0.04,-31.04,6.96,2.1633344700545238e-10,LOCKED,"(0.321, 0.365, 0.313)"
259,8.633,TRACK,0.3141033899261432,14.916909205846006,0.3141033899261432,60.226543,0.7716373274797284,0.0,-31.0,7.0,1.846139915438549e-10,LOCKED,"(0.194, 0.595, 0.212)"
260,8.667,TRACK,0.5951179484065728,17.38998904607634,0.5951179484065728,64.17136,0.7684711375880859,0.01,-31.01,6.99,1.905591289184248e-10,LOCKED,"(0.286, 0.365, 0.35)"
261,8.7,TRACK,0.6730735797013011,13.871361834970669,0.6730735797013011,58.847744,0.7674454558023034,0.01,-31.01,6.99,1.9290799856930623e-10,LOCKED,"(0.39, 0.09, 0.519)"
262,8.733,TRACK,0.7629537404713589,12.787060425927402,0.7629537404713589,60.721245,0.7687758477860449,0.02,-31.02,6.98,1.9601604425824794e-10,LOCKED,"(0.396, 0.031, 0.573)"
263,8.767,TRACK,0.7702007420812679,12.613509044146456,0.7702007420812679,55.789597,0.768794745856744,0.02,-31.02,6.98,1.962858096551674e-10,LOCKED,"(0.395, 0.019, 0.585)"
264,8.8,TRACK,0.6847985876053225,13.088806742898749,0.6847985876053225,56.861927,0.7671649406543157,0.01,-31.01,6.99,1.932888311545163e-10,LOCKED,"(0.436, 0.011, 0.553)"
265,8.833,TRACK,0.6603286850375601,7.908071709768889,0.6603286850375601,58.56803,0.7618367688066168,0.01,-31.01,6.99,1.9250228717862863e-10,LOCKED,"(0.463, 0.017, 0.519)"
266,8.867,TRACK,1.084813283247322,8.615773164239162,1.084813283247322,58.215477,0.7626496488398555,0.03,-31.03,6.97,2.109628213827068e-10,LOCKED,"(0.482, 0.02, 0.498)"
267,8.9,TRACK,0.9661768030077019,7.2567529793124805,0.9661768030077019,57.05366,0.7665350684417112,0.03,-31.03,6.97,2.0472102876228392e-10,LOCKED,"(0.496, 0.018, 0.486)"
268,8.933,TRACK,0.17932642764768703,5.250931566744724,0.17932642764768703,57.973724,0.768624786530395,0.0,-31.0,7.0,1.8309577536132897e-10,LOCKED,"(0.482, 0.024, 0.493)"
269,8.967,TRACK,0.3497479451551685,6.642672965829777,0.3497479451551685,60.767765,0.7691471386549031,0.0,-31.0,7.0,1.8515707728323835e-10,LOCKED,"(0.487, 0.022, 0.49)"
270,9.0,TRACK,0.9926961974244424,9.980761553461775,0.9926961974244424,57.049534,0.7653383720518729,0.03,-31.03,6.97,2.06038690323624e-10,LOCKED,"(0.504, 0.013, 0.483)"
271,9.033,TRACK,1.1115897338817795,10.074088766142978,1.1115897338817795,58.434597,0.767565527052446,0.03,-31.03,6.97,2.1249842119769756e-10,LOCKED,"(0.498, 0.01, 0.492)"
272,9.067,TRACK,0.6842914558177778,7.49122959398636,0.6842914558177778,57.480484,0.7690521460196467,0.01,-31.01,6.99,1.932722083427599e-10,LOCKED,"(0.464, 0.012, 0.524)"
273,9.1,TRACK,0.6835581931350682,12.416960004235733,0.6835581931350682,61.39182,0.7646766490834354,0.01,-31.01,6.99,1.9324819756889958e-10,LOCKED,"(0.049, 0.861, 0.089)"
274,9.133,TRACK,0.5751190093193896,15.189591778008229,0.5751190093193896,61.041683,0.7677408057373865,0.01,-31.01,6.99,1.900070836284578e-10,LOCKED,"(0.048, 0.935, 0.017)"
275,9.167,TRACK,0.5598858211087303,10.921133316437436,0.5598858211087303,62.259808,0.7736952894674025,0.01,-31.01,6.99,1.8960022808018865e-10,LOCKED,"(0.105, 0.824, 0.071)"
276,9.2,TRACK,0.7346201770065858,11.200668708451799,0.7346201770065858,60.468906,0.7668151892223396,0.01,-31.01,6.99,1.9498906255515653e-10,LOCKED,"(0.551, 0.079, 0.371)"
277,9.233,TRACK,1.2762452199266345,5.202891097459986,1.2762452199266345,58.573498,0.7724961464805782,0.04,-31.04,6.96,2.2304064316738233e-10,LOCKED,"(0.584, 0.035, 0.381)"
278,9.267,TRACK,0.44155234578682545,10.582726383065792,0.44155234578682545,56.314785,0.7664792829714501,0.01,-31.01,6.99,1.868338718270641e-10,LOCKED,"(0.607, 0.019, 0.374)"
279,9.3,TRACK,0.9327317379160726,10.425426738481683,0.9327317379160726,58.626842,0.7687357033568438,0.02,-31.02,6.98,2.0312101131168063e-10,LOCKED,"(0.597, 0.011, 0.391)"
280,9.333,TRACK,1.3620910793552485,10.313471540538673,1.3620910793552485,57.959835,0.7655062382785649,0.05,-31.05,6.95,2.2933745560841728e-10,LOCKED,"(0.532, 0.011, 0.457)"
281,9.367,TRACK,1.3908402894183378,12.971753636957795,1.3908402894183378,58.822594,0.7672431098320005,0.05,-31.05,6.95,2.3157739364835135e-10,LOCKED,"(0.385, 0.012, 0.603)"
282,9.4,TRACK,0.6564881913988718,14.004713537472128,0.6564881913988718,60.593773,0.7670346430202635,0.01,-31.01,6.99,1.9238170926092865e-10,LOCKED,"(0.232, 0.009, 0.759)"
283,9.433,TRACK,0.13778424602027978,17.89610984634264,0.13778424602027978,61.46502,0.7680125843230585,0.0,-31.0,7.0,1.8279644726977785e-10,LOCKED,"(0.13, 0.007, 0.863)"
284,9.467,TRACK,1.0672002212838314,19.49173166158994,1.0672002212838314,60.98579,0.7649435900810773,0.03,-31.03,6.97,2.0997874502636103e-10,LOCKED,"(0.117, 0.008, 0.875)"
285,9.5,TRACK,0.5998120950206364,19.492868543451234,0.5998120950206364,57.203045,0.7682097490843566,0.01,-31.01,6.99,1.9069166553637474e-10,LOCKED,"(0.164, 0.014, 0.822)"
286,9.533,TRACK,0.44030048666932814,14.979200419030343,0.44030048666932814,58.56258,0.7694970117647146,0.01,-31.01,6.99,1.8680828247346746e-10,LOCKED,"(0.185, 0.039, 0.776)"
287,9.567,TRACK,1.186962333514748,15.155396970264409,1.186962333514748,58.69466,0.7662453853909827,0.04,-31.04,6.96,2.1708401076839562e-10,LOCKED,"(0.144, 0.47, 0.386)"
288,9.6,TRACK,1.1837220600306648,12.171841403100261,1.1837220600306648,60.24833,0.7690189374789556,0.04,-31.04,6.96,2.1687871109622165e-10,LOCKED,"(0.145, 0.742, 0.113)"
289,9.633,TRACK,0.30991464174243805,10.96244621530424,0.30991464174243805,63.90249,0.7669987791055728,0.0,-31.0,7.0,1.8455409362858285e-10,LOCKED,"(0.458, 0.118, 0.424)"
290,9.667,TRACK,1.029648780039094,6.638359054205233,1.029648780039094,59.97687,0.766520251163643,0.03,-31.03,6.97,2.079483916957006e-10,LOCKED,"(0.469, 0.03, 0.501)"
291,9.7,TRACK,1.2039800875400586,4.018634361378159,1.2039800875400586,60.783264,0.7709732856574449,0.04,-31.04,6.96,2.1817453384977457e-10,LOCKED,"(0.464, 0.035, 0.5)"
292,9.733,TRACK,0.4977038151416653,2.307918374349715,0.4977038151416653,62.085712,0.7675403789943813,0.01,-31.01,6.99,1.8806027604804668e-10,LOCKED,"(0.486, 0.063, 0.452)"
293,9.767,TRACK,0.9955150322795439,1.16104204723435,0.9955150322795439,62.530262,0.7658071067954165,0.03,-31.03,6.97,2.0618132774120057e-10,LOCKED,"(0.501, 0.079, 0.42)"
294,9.8,TRACK,0.9319875341654061,1.3388047857323095,0.9319875341654061,62.22291,0.7687712989487965,0.02,-31.02,6.98,2.0308618264997368e-10,LOCKED,"(0.504, 0.065, 0.431)"
295,9.833,TRACK,0.5624898640598263,1.5901524244866048,0.5624898640598263,57.85561,0.7673000258914222,0.01,-31.01,6.99,1.8966894601132157e-10,LOCKED,"(0.528, 0.045, 0.427)"
296,9.867,TRACK,0.6400235799320262,0.5660559937109153,0.6400235799320262,58.47432,0.7708714026293173,0.01,-31.01,6.99,1.918735409248821e-10,LOCKED,"(0.523, 0.059, 0.418)"
297,9.9,TRACK,0.5957787794555952,3.413932209397206,0.5957787794555952,62.276337,0.7669286849030952,0.01,-31.01,6.99,1.905777188507986e-10,LOCKED,"(0.553, 0.035, 0.412)"
298,9.933,TRACK,0.6958550980735867,7.425053664782478,0.6958550980735867,59.79776,0.7676173053066118,0.01,-31.01,6.99,1.9365464732260747e-10,LOCKED,"(0.618, 0.026, 0.357)"
299,9.967,TRACK,0.455430379426667,14.050190955296422,0.455430379426667,58.00353,0.7672056356826169,0.01,-31.01,6.99,1.8712265186421008e-10,LOCKED,"(0.712, 0.016, 0.272)"
300,10.0,TRACK,0.7784231601907187,14.024423430304392,0.7784231601907187,61.01138,0.7656607183847798,0.02,-31.02,6.98,1.9659540693261077e-10,LOCKED,"(0.759, 0.013, 0.228)"
301,10.033,TRACK,1.1400127662817137,7.010592053457184,1.1400127662817137,60.87475,0.765853461798158,0.03,-31.03,6.97,2.1418149234756264e-10,LOCKED,"(0.734, 0.023, 0.243)"
302,10.067,TRACK,1.2801538861635535,2.541462718991441,1.2801538861635535,61.42292,0.7703214256624036,0.04,-31.04,6.96,2.2331493912070994e-10,LOCKED,"(0.697, 0.029, 0.274)"
303,10.1,TRACK,0.6693818917839864,1.4650744390330601,0.6693818917839864,55.168797,0.7703115650798456,0.01,-31.01,6.99,1.927895983132115e-10,LOCKED,"(0.672, 0.04, 0.287)"
304,10.133,TRACK,0.5203266682697265,16.757515500134065,0.5203266682697265,58.85507,0.7678578771491884,0.01,-31.01,6.99,1.885982208592318e-10,LOCKED,"(0.581, 0.045, 0.374)"
305,10.167,TRACK,1.1027490670360043,26.323929650832486,1.1027490670360043,59.99151,0.7676378677599324,0.03,-31.03,6.97,2.1198610203516592e-10,LOCKED,"(0.53, 0.118, 0.352)"
306,10.2,TRACK,0.4778627134520273,33.87952641427678,0.4778627134520273,61.67801,0.7682544037783696,0.01,-31.01,6.99,1.8760928690214168e-10,LOCKED,"(0.496, 0.166, 0.338)"
307,10.233,TRACK,0.49216203619636373,34.31516805681031,0.49216203619636373,57.394257,0.7723477163139085,0.01,-31.01,6.99,1.8793236021376576e-10,LOCKED,"(0.47, 0.202, 0.328)"
308,10.267,TRACK,1.0928554123570173,30.999555303198424,1.0928554123570173,60.074078,0.7669774059041561,0.03,-31.03,6.97,2.11418987709131e-10,LOCKED,"(0.453, 0.226, 0.321)"
309,10.3,TRACK,0.6058095381674343,25.614819823164392,0.6058095381674343,63.170864,0.7654483930269296,0.01,-31.01,6.99,1.9086264450833284e-10,LOCKED,"(0.431, 0.258, 0.311)"
310,10.333,TRACK,0.8409523843465024,17.79189567055198,0.8409523843465024,58.80761,0.7673929333882314,0.02,-31.02,6.98,1.9907396159339135e-10,LOCKED,"(0.059, 0.478, 0.463)"
311,10.367,TRACK,1.3203711031586798,11.522215434646695,1.3203711031586798,60.254585,0.765672882497516,0.05,-31.05,6.95,2.262052693674261e-10,LOCKED,"(0.121, 0.091, 0.787)"
312,10.4,TRACK,1.0198606965739334,5.787400219875101,1.0198606965739334,61.743053,0.768089147685894,0.03,-31.03,6.97,2.0743410455128273e-10,LOCKED,"(0.154, 0.034, 0.812)"
313,10.433,TRACK,0.8326122983938402,2.7646060132471555,0.8326122983938402,61.450546,0.7713216585366085,0.02,-31.02,6.98,1.987305543844625e-10,LOCKED,"(0.197, 0.058, 0.744)"
314,10.467,TRACK,0.9098889069559306,5.7648258112323685,0.9098889069559306,60.182972,0.7674212452674587,0.02,-31.02,6.98,2.0206716126828984e-10,LOCKED,"(0.223, 0.223, 0.555)"
315,10.5,TRACK,0.7692352736681002,6.265777090591906,0.7692352736681002,55.064144,0.767595172128506,0.02,-31.02,6.98,1.9624970296058403e-10,LOCKED,"(0.298, 0.31, 0.392)"
316,10.533,TRACK,0.9721439171112755,5.443382059313566,0.9721439171112755,62.519886,0.7752642542103807,0.03,-31.03,6.97,2.0501370887843447e-10,LOCKED,"(0.424, 0.115, 0.46)"
317,10.567,TRACK,0.6501870923512094,5.764628452118485,0.6501870923512094,60.21618,0.7676149036227184,0.01,-31.01,6.99,1.9218555435566845e-10,LOCKED,"(0.49, 0.12, 0.39)"
318,10.6,TRACK,0.3033462417133463,2.7804175547753354,0.3033462417133463,53.524414,0.766036926064878,0.0,-31.0,7.0,1.844618227153386e-10,LOCKED,"(0.536, 0.061, 0.403)"
319,10.633,TRACK,0.5419986641229491,4.397551466014032,0.5419986641229491,59.26235,0.7635461149154679,0.01,-31.01,6.99,1.891374407499785e-10,LOCKED,"(0.432, 0.126, 0.442)"
320,10.667,TRACK,0.5866290327470821,6.504741256940546,0.5866290327470821,55.195763,0.7698225849843979,0.01,-31.01,6.99,1.9032231186253733e-10,LOCKED,"(0.349, 0.113, 0.538)"
321,10.7,TRACK,1.1537741057284159,8.354018420454471,1.1537741057284159,60.584843,0.7663533185723332,0.04,-31.04,6.96,2.1501629906135205e-10,LOCKED,"(0.25, 0.091, 0.659)"
322,10.733,TRACK,0.426226745553853,10.47789117453223,0.426226745553853,57.234234,0.7682630596544094,0.0,-31.0,7.0,1.8652582136816838e-10,LOCKED,"(0.174, 0.108, 0.718)"
323,10.767,TRACK,0.41956505922990067,8.840127671837926,0.41956505922990067,62.923172,0.7699190055669094,0.0,-31.0,7.0,1.8639545743528385e-10,LOCKED,"(0.176, 0.149, 0.675)"
324,10.8,TRACK,1.0757929046330115,10.326684025274337,1.0757929046330115,55.62453,0.7682743350036674,0.03,-31.03,6.97,2.1045627620238748e-10,LOCKED,"(0.184, 0.076, 0.739)"
325,10.833,TRACK,0.43268790618700853,12.839844967358271,0.43268790618700853,59.800377,0.7654159068477198,0.01,-31.01,6.99,1.8665430773455224e-10,LOCKED,"(0.202, 0.035, 0.764)"
326,10.867,TRACK,0.6092959968837054,11.158727443105546,0.6092959968837054,61.691986,0.7674578068933741,0.01,-31.01,6.99,1.909628883396039e-10,LOCKED,"(0.326, 0.019, 0.655)"
327,10.9,TRACK,1.139325052608969,11.651699043648447,1.139325052608969,62.222538,0.7681770042396466,0.03,-31.03,6.97,2.141401166845195e-10,LOCKED,"(0.596, 0.015, 0.389)"
328,10.933,TRACK,0.3485162108440811,7.520219485986462,0.3485162108440811,55.075016,0.7688174549677832,0.0,-31.0,7.0,1.8513731096435518e-10,LOCKED,"(0.759, 0.016, 0.225)"
329,10.967,TRACK,0.3885976226212178,0.7241315671103296,0.3885976226212178,57.257057,0.7687059682051451,0.0,-31.0,7.0,1.8581745727665227e-10,LOCKED,"(0.676, 0.068, 0.256)"
330,11.0,TRACK,0.7924840731624568,5.148076560710911,0.7924840731624568,67.60643,0.7633004473884895,0.02,-31.02,6.98,1.9713356020696316e-10,LOCKED,"(0.419, 0.284, 0.298)"
331,11.033,TRACK,0.5974468657127044,6.910662826056145,0.5974468657127044,56.31023,0.7611853967832132,0.01,-31.01,6.99,1.9062474348983086e-10,LOCKED,"(0.297, 0.367, 0.336)"
332,11.067,TRACK,0.3903060910418928,7.993459599616327,0.3903060910418928,58.51153,0.7694004061069935,0.0,-31.0,7.0,1.8584814798843886e-10,LOCKED,"(0.248, 0.415, 0.336)"
333,11.1,TRACK,0.9453180320480417,8.424487744799455,0.9453180320480417,58.157444,0.7653765125335796,0.02,-31.02,6.98,2.0371513282709697e-10,LOCKED,"(0.209, 0.513, 0.278)"
334,11.133,TRACK,0.6995891049336666,13.096698876343766,0.6995891049336666,58.366035,0.7673067080779554,0.01,-31.01,6.99,1.9377966501771835e-10,LOCKED,"(0.238, 0.452, 0.31)"
335,11.167,TRACK,0.9037483518356966,14.73051245282735,0.9037483518356966,54.68431,0.7656824118871581,0.02,-31.02,6.98,2.0178919518120013e-10,LOCKED,"(0.261, 0.47, 0.269)"
336,11.2,TRACK,0.7790725627912902,12.65681447031006,0.7790725627912902,58.480137,0.7685865049533365,0.02,-31.02,6.98,1.9662001876053957e-10,LOCKED,"(0.372, 0.308, 0.32)"
337,11.233,TRACK,0.7257097325438964,12.259804402572628,0.7257097325438964,55.104763,0.7665682551854357,0.01,-31.01,6.99,1.9467515251207367e-10,LOCKED,"(0.463, 0.161, 0.376)"
338,11.267,TRACK,1.0705253858535797,15.12134412714329,1.0705253858535797,58.193386,0.7675061902906242,0.03,-31.03,6.97,2.1016296178049604e-10,LOCKED,"(0.423, 0.207, 0.37)"
339,11.3,TRACK,0.8296934389461124,15.476271096607269,0.8296934389461124,58.71987,0.7643510323675823,0.02,-31.02,6.98,1.9861130948443527e-10,LOCKED,"(0.268, 0.434, 0.298)"
340,11.333,TRACK,0.3575308129767174,14.371398760020345,0.3575308129767174,58.683376,0.7638746196534019,0.0,-31.0,7.0,1.8528363321424782e-10,LOCKED,"(0.214, 0.507, 0.279)"
341,11.367,TRACK,1.2359144474470392,13.220768214231823,1.2359144474470392,61.210217,0.76916482327886,0.04,-31.04,6.96,2.2027739060462115e-10,LOCKED,"(0.278, 0.358, 0.364)"
342,11.4,TRACK,0.9626501912053055,10.208544102812535,0.9626501912053055,60.92242,0.7678942183926889,0.02,-31.02,6.98,2.045490853566126e-10,LOCKED,"(0.358, 0.198, 0.443)"
343,11.433,TRACK,1.2963119013009279,9.846176006364727,1.2963119013009279,55.956802,0.7656020567689714,0.05,-31.05,6.95,2.2446120674860135e-10,LOCKED,"(0.334, 0.325, 0.341)"
344,11.467,TRACK,0.9347016522538202,9.41061485927944,0.9347016522538202,57.41582,0.7660955059433143,0.02,-31.02,6.98,2.0321336478779923e-10,LOCKED,"(0.441, 0.112, 0.446)"
345,11.5,TRACK,0.567833642533012,11.450991338962906,0.567833642533012,58.93462,0.7655934882076663,0.01,-31.01,6.99,1.8981103632013202e-10,LOCKED,"(0.491, 0.037, 0.472)"
346,11.533,TRACK,0.2655925548878614,14.160711065962753,0.2655925548878614,59.23193,0.766948131272313,0.0,-31.0,7.0,1.839705408666569e-10,LOCKED,"(0.559, 0.022, 0.418)"
347,11.567,TRACK,0.9096594391283409,15.684722907622648,0.9096594391283409,53.993965,0.7650945178485271,0.02,-31.02,6.98,2.0205673346598767e-10,LOCKED,"(0.65, 0.015, 0.335)"
348,11.6,TRACK,0.3394069494680713,17.63358638271088,0.3394069494680713,58.61577,0.7730550916625389,0.0,-31.0,7.0,1.849933551017836e-10,LOCKED,"(0.738, 0.011, 0.252)"
349,11.633,TRACK,1.1544692555345961,20.276354598013036,1.1544692555345961,58.05083,0.7677104207977966,0.04,-31.04,6.96,2.1505881738195017e-10,LOCKED,"(0.786, 0.007, 0.206)"
350,11.667,TRACK,1.0651598482878726,20.169358389046867,1.0651598482878726,59.94085,0.7643290007707215,0.03,-31.03,6.97,2.098660662423901e-10,LOCKED,"(0.767, 0.006, 0.227)"
351,11.7,TRACK,0.9025681871549774,21.23917073914528,0.9025681871549774,61.474384,0.7660831795978709,0.02,-31.02,6.98,2.0173602949391652e-10,LOCKED,"(0.674, 0.056, 0.27)"
352,11.733,TRACK,0.3799924045707928,19.241192338224646,0.3799924045707928,60.116806,0.7624349222126867,0.0,-31.0,7.0,1.8566499262446775e-10,LOCKED,"(0.534, 0.026, 0.441)"
353,11.767,TRACK,0.8505017046866428,19.084691461182967,0.8505017046866428,56.64446,0.7623168530720308,0.02,-31.02,6.98,1.994720672576542e-10,LOCKED,"(0.313, 0.047, 0.64)"
354,11.8,TRACK,0.8605239443856931,17.519245401538637,0.8605239443856931,60.47931,0.7679916694006441,0.02,-31.02,6.98,1.9989555194531762e-10,LOCKED,"(0.125, 0.031, 0.844)"
355,11.833,TRACK,0.986534719655201,18.256105930682924,0.986534719655201,62.181904,0.7676258002353809,0.03,-31.03,6.97,2.0572864247329688e-10,LOCKED,"(0.07, 0.022, 0.908)"
356,11.867,TRACK,0.6629477978524868,16.707291282916582,0.6629477978524868,57.874195,0.7731238266725364,0.01,-31.01,6.99,1.9258496295372126e-10,LOCKED,"(0.117, 0.011, 0.872)"
357,11.9,TRACK,1.215687554547438,14.531074161646817,1.215687554547438,56.856907,0.7686273199114777,0.04,-31.04,6.96,2.1893685338994318e-10,LOCKED,"(0.177, 0.013, 0.81)"
358,11.933,TRACK,0.7331899671918108,12.563701523155695,0.7331899671918108,55.306355,0.7675252115923936,0.01,-31.01,6.99,1.9493838640868348e-10,LOCKED,"(0.211, 0.023, 0.767)"
359,11.967,TRACK,0.87489013899756,9.636687941226988,0.87489013899756,61.150364,0.7664551633120926,0.02,-31.02,6.98,2.005127665769823e-10,LOCKED,"(0.208, 0.037, 0.755)"
360,12.0,TRACK,0.5408184527585314,10.140053814541137,0.5408184527585314,55.599716,0.7665646594709105,0.01,-31.01,6.99,1.891074711270774e-10,LOCKED,"(0.224, 0.028, 0.748)"
361,12.033,TRACK,0.48575056680164663,7.348506109838761,0.48575056680164663,56.598404,0.7662617398053063,0.01,-31.01,6.99,1.8778625855211967e-10,LOCKED,"(0.26, 0.024, 0.716)"
362,12.067,TRACK,1.1422754312056003,3.963921119054342,1.1422754312056003,52.72149,0.7618239659562158,0.03,-31.03,6.97,2.1431785350784737e-10,LOCKED,"(0.32, 0.035, 0.645)"
363,12.1,TRACK,1.3073140208497722,11.833878470018751,1.3073140208497722,60.174747,0.7671888892123839,0.05,-31.05,6.95,2.252531843056653e-10,LOCKED,"(0.509, 0.067, 0.424)"
364,12.133,TRACK,0.8652811093982756,19.178479082733418,0.8652811093982756,54.362076,0.7682841520217978,0.02,-31.02,6.98,2.000986024457829e-10,LOCKED,"(0.674, 0.15, 0.177)"
365,12.167,TRACK,1.265484329342154,28.595321366122246,1.265484329342154,58.980446,0.7684184550329345,0.04,-31.04,6.96,2.222914543420504e-10,LOCKED,"(0.614, 0.184, 0.202)"
366,12.2,TRACK,1.1442522514578524,30.142095959360827,1.1442522514578524,55.49838,0.7642139521261083,0.04,-31.04,6.96,2.1443727708919908e-10,LOCKED,"(0.569, 0.209, 0.221)"
367,12.233,TRACK,1.4438166494164273,26.992253401999562,1.4438166494164273,58.188473,0.765258741274933,0.06,-31.06,6.94,2.358847809218403e-10,LOCKED,"(0.0, 1.0, 0.0)"
368,12.267,TRACK,0.9986673325627188,18.90403711332207,0.9986673325627188,56.770584,0.7661129784976237,0.03,-31.03,6.97,2.063414298379786e-10,LOCKED,"(0.119, 0.778, 0.102)"
369,12.3,TRACK,0.5979192021793204,11.219379785450396,0.5979192021793204,55.406178,0.7693123333761975,0.01,-31.01,6.99,1.9063808491457308e-10,LOCKED,"(0.445, 0.125, 0.43)"
370,12.333,TRACK,0.6398961048190412,10.473947179936678,0.6398961048190412,59.685143,0.7692932903358701,0.01,-31.01,6.99,1.918696617702857e-10,LOCKED,"(0.435, 0.04, 0.525)"
371,12.367,TRACK,0.6101545935773928,11.529449918371073,0.6101545935773928,60.22107,0.7681504221699527,0.01,-31.01,6.99,1.9098767099415034e-10,LOCKED,"(0.369, 0.04, 0.591)"
372,12.4,TRACK,0.5757167952018195,12.679832351868006,0.5757167952018195,62.472042,0.7730505247382693,0.01,-31.01,6.99,1.9002328945179577e-10,LOCKED,"(0.316, 0.028, 0.656)"
373,12.433,TRACK,0.564900550347947,14.175329236421941,0.564900550347947,56.89981,0.7664299799613292,0.01,-31.01,6.99,1.8973286695626612e-10,LOCKED,"(0.236, 0.028, 0.736)"
374,12.467,TRACK,1.1079484331577099,16.820918260238074,1.1079484331577099,61.67034,0.7692142173247825,0.03,-31.03,6.97,2.122867687492658e-10,LOCKED,"(0.171, 0.031, 0.797)"
375,12.5,TRACK,0.8788980934688352,16.542130749385343,0.8788980934688352,57.028362,0.7679768351586437,0.02,-31.02,6.98,2.0068711074913504e-10,LOCKED,"(0.166, 0.024, 0.81)"
376,12.533,TRACK,1.0498437866929995,16.83205406361358,1.0498437866929995,58.012276,0.7627835068793456,0.03,-31.03,6.97,2.0902893372585704e-10,LOCKED,"(0.176, 0.027, 0.798)"
377,12.567,TRACK,0.5706649495487567,15.252196253175436,0.5706649495487567,62.745674,0.7652287159341522,0.01,-31.01,6.99,1.8988690629981284e-10,LOCKED,"(0.185, 0.038, 0.777)"
378,12.6,TRACK,0.73136528784477,13.937224856481944,0.73136528784477,57.839294,0.7673254212222655,0.01,-31.01,6.99,1.9487389465011506e-10,LOCKED,"(0.225, 0.027, 0.748)"
379,12.633,TRACK,1.2758351391438298,9.937410664599952,1.2758351391438298,56.56781,0.7666244324240978,0.04,-31.04,6.96,2.2301193235301728e-10,LOCKED,"(0.268, 0.025, 0.707)"
380,12.667,TRACK,0.8918470626898826,6.310506027279255,0.8918470626898826,60.356724,0.7633112281175517,0.02,-31.02,6.98,2.012568340208688e-10,LOCKED,"(0.241, 0.071, 0.687)"
381,12.7,TRACK,0.6675490145121417,6.326621330120388,0.6675490145121417,61.45639,0.768104505028359,0.01,-31.01,6.99,1.927310815117723e-10,LOCKED,"(0.231, 0.053, 0.716)"
382,12.733,TRACK,0.9401157969734584,6.392166046078846,0.9401157969734584,52.697113,0.7653460582378497,0.02,-31.02,6.98,2.034684014437324e-10,LOCKED,"(0.22, 0.042, 0.737)"
383,12.767,TRACK,0.9364388019608467,8.103910587153566,0.9364388019608467,59.626442,0.7689118993335439,0.02,-31.02,6.98,2.0329500070358793e-10,LOCKED,"(0.267, 0.029, 0.703)"
384,12.8,TRACK,1.3410066725663654,10.61628656191901,1.3410066725663654,64.759415,0.7670163460499471,0.05,-31.05,6.95,2.277372188697034e-10,LOCKED,"(0.554, 0.011, 0.436)"
385,12.833,TRACK,1.282905140293754,9.401722204334025,1.282905140293754,57.90794,0.7654657126536513,0.04,-31.04,6.96,2.2350870814646196e-10,LOCKED,"(0.84, 0.007, 0.153)"
386,12.867,TRACK,1.0982981153187847,8.613025520247017,1.0982981153187847,60.257374,0.767767854822873,0.03,-31.03,6.97,2.11730157630364e-10,LOCKED,"(0.9, 0.009, 0.091)"
387,12.9,TRACK,0.27497323061830065,5.3664682094184,0.27497323061830065,57.828228,0.7704578012127534,0.0,-31.0,7.0,1.8408640992206285e-10,LOCKED,"(0.862, 0.015, 0.123)"
388,12.933,TRACK,0.836918907337645,8.269815855633857,0.836918907337645,57.92282,0.7651364252104687,0.02,-31.02,6.98,1.9890738334964532e-10,LOCKED,"(0.807, 0.016, 0.177)"
389,12.967,TRACK,1.1945408280619567,10.13593030985031,1.1945408280619567,58.241917,0.767330439036042,0.04,-31.04,6.96,2.1756709345240943e-10,LOCKED,"(0.723, 0.015, 0.262)"
390,13.0,TRACK,0.5254200619659289,12.686197893015475,0.5254200619659289,59.85778,0.7628695996281087,0.01,-31.01,6.99,1.8872284143089467e-10,LOCKED,"(0.635, 0.028, 0.336)"
391,13.033,TRACK,0.7433469833588107,13.522378963421831,0.7433469833588107,58.774616,0.7627764709197968,0.01,-31.01,6.99,1.9530069141793733e-10,LOCKED,"(0.544, 0.041, 0.415)"
392,13.067,TRACK,1.0732064779377353,14.093433148179775,1.0732064779377353,59.25908,0.7671132103921818,0.03,-31.03,6.97,2.1031202611939296e-10,LOCKED,"(0.387, 0.033, 0.58)"
393,13.1,TRACK,0.8822310932432312,14.250697984964722,0.8822310932432312,62.639137,0.7672772193224912,0.02,-31.02,6.98,2.0083281204778466e-10,LOCKED,"(0.277, 0.083, 0.64)"
394,13.133,TRACK,0.7562781971718842,14.277058150149173,0.7562781971718842,57.61915,0.7660040267950302,0.02,-31.02,6.98,1.957701155410727e-10,LOCKED,"(0.2, 0.239, 0.562)"
395,13.167,TRACK,0.9909170688082846,13.246631280104308,0.9909170688082846,62.107056,0.7704367411339564,0.03,-31.03,6.97,2.0594892001617422e-10,LOCKED,"(0.192, 0.369, 0.439)"
396,13.2,TRACK,0.9388924262026007,12.705397962799024,0.9388924262026007,58.199142,0.7687539503767304,0.02,-31.02,6.98,2.0341061833491515e-10,LOCKED,"(0.257, 0.273, 0.471)"
397,13.233,TRACK,0.5199893525450033,11.770102224362766,0.5199893525450033,57.318077,0.7641660228543339,0.01,-31.01,6.99,1.885900133308656e-10,LOCKED,"(0.408, 0.086, 0.506)"
398,13.267,TRACK,0.7266309643147871,10.770374536554376,0.7266309643147871,61.231716,0.7665279871345398,0.01,-31.01,6.99,1.9470740725860528e-10,LOCKED,"(0.539, 0.02, 0.441)"
399,13.3,TRACK,0.9641154421713398,8.18128519651924,0.9641154421713398,58.242493,0.7690899501001058,0.02,-31.02,6.98,2.0462043207009304e-10,LOCKED,"(0.618, 0.016, 0.366)"
400,13.333,TRACK,0.8640428453824178,6.543359352787608,0.8640428453824178,56.80436,0.7710614211673343,0.02,-31.02,6.98,2.0004562284070573e-10,LOCKED,"(0.544, 0.023, 0.433)"
401,13.367,TRACK,1.072353846042432,16.40211746118546,1.072353846042432,58.89126,0.7650233995816386,0.03,-31.03,6.97,2.102645698397777e-10,LOCKED,"(0.296, 0.098, 0.606)"
402,13.4,TRACK,1.0419427102349534,26.90133401761084,1.0419427102349534,60.399338,0.7666558296961408,0.03,-31.03,6.97,2.0860304839236005e-10,LOCKED,"(0.302, 0.155, 0.542)"
403,13.433,TRACK,0.7051646916831366,35.0255202594436,0.7051646916831366,60.886784,0.7657024533693355,0.01,-31.01,6.99,1.9396773019906308e-10,LOCKED,"(0.309, 0.194, 0.496)"
404,13.467,TRACK,0.9979414341062031,34.292060023191674,0.9979414341062031,58.034172,0.7677640707358377,0.03,-31.03,6.97,2.0630450685670732e-10,LOCKED,"(0.317, 0.224, 0.459)"
405,13.5,TRACK,0.9407630525010554,23.163760339048654,0.9407630525010554,60.47076,0.7641941000302013,0.02,-31.02,6.98,2.0349900983100571e-10,LOCKED,"(0.059, 0.867, 0.074)"
406,13.533,TRACK,0.3738404862843541,18.119821293711535,0.3738404862843541,59.18254,0.7674561600951465,0.0,-31.0,7.0,1.8555815857592097e-10,LOCKED,"(0.467, 0.235, 0.297)"
407,13.567,TRACK,1.086780962478171,13.728339026132035,1.086780962478171,59.399155,0.7700191812204292,0.03,-31.03,6.97,2.1107403450424518e-10,LOCKED,"(0.709, 0.012, 0.279)"
408,13.6,TRACK,1.2467655974796448,2.2799230420516174,1.2467655974796448,58.242252,0.767616711251375,0.04,-31.04,6.96,2.2100893557498336e-10,LOCKED,"(0.697, 0.047, 0.256)"
409,13.633,TRACK,1.2568417531092089,3.26206626914466,1.2568417531092089,61.282257,0.7623561233002845,0.04,-31.04,6.96,2.2169605347680385e-10,LOCKED,"(0.626, 0.073, 0.301)"
410,13.667,TRACK,0.9348760293586281,9.292757131690951,0.9348760293586281,56.567722,0.7651481901439868,0.02,-31.02,6.98,2.0322155124451825e-10,LOCKED,"(0.472, 0.128, 0.4)"
411,13.7,TRACK,0.4997234440749604,13.48245701915499,0.4997234440749604,56.258293,0.7691713247267309,0.01,-31.01,6.99,1.8810727019373092e-10,LOCKED,"(0.23, 0.305, 0.464)"
412,13.733,TRACK,0.9068103300729122,16.59286790213002,0.9068103300729122,63.223404,0.7664204232936775,0.02,-31.02,6.98,2.0192752176212806e-10,LOCKED,"(0.134, 0.304, 0.562)"
413,13.767,TRACK,0.1707346447711174,16.658198278180862,0.1707346447711174,61.41649,0.7644047308032986,0.0,-31.0,7.0,1.8302739439418604e-10,LOCKED,"(0.085, 0.821, 0.095)"
414,13.8,TRACK,0.053713729252115955,17.484352177215428,0.053713729252115955,59.79636,0.7649875180289404,0.0,-31.0,7.0,1.8243126972149282e-10,LOCKED,"(0.467, 0.154, 0.379)"
415,13.833,TRACK,0.3393124402513892,23.101850113986455,0.3393124402513892,59.486176,0.7654339255932936,0.0,-31.0,7.0,1.8499188208286945e-10,LOCKED,"(0.399, 0.023, 0.578)"
416,13.867,TRACK,1.0258849508265582,16.919783768316606,1.0258849508265582,60.063103,0.7742647652861636,0.03,-31.03,6.97,2.0774990715244785e-10,LOCKED,"(0.341, 0.009, 0.65)"
417,13.9,TRACK,0.6065548900346438,15.769462120477302,0.6065548900346438,61.380306,0.7641819171888469,0.01,-31.01,6.99,1.9088402256984762e-10,LOCKED,"(0.338, 0.014, 0.648)"
418,13.933,TRACK,0.6312441366466223,15.610397386317683,0.6312441366466223,56.000065,0.7638505408917468,0.01,-31.01,6.99,1.9160835439140105e-10,LOCKED,"(0.348, 0.022, 0.631)"
419,13.967,TRACK,0.8587076077374061,14.843629052925381,0.8587076077374061,55.62358,0.7662399593419957,0.02,-31.02,6.98,1.9981837184501223e-10,LOCKED,"(0.346, 0.027, 0.627)"
420,14.0,TRACK,0.31461325009720814,12.532930674519891,0.31461325009720814,59.868618,0.7656010734971539,0.0,-31.0,7.0,1.8462133857055112e-10,LOCKED,"(0.266, 0.136, 0.598)"
421,14.033,TRACK,0.7876006997919923,9.255538322482515,0.7876006997919923,56.516636,0.7669042847769123,0.02,-31.02,6.98,1.9694540790023492e-10,LOCKED,"(0.26, 0.103, 0.637)"
422,14.067,TRACK,0.8150416674303641,8.351436344448402,0.8150416674303641,59.53649,0.7651676303625303,0.02,-31.02,6.98,1.9802007169158847e-10,LOCKED,"(0.253, 0.093, 0.654)"
423,14.1,TRACK,0.8648586127539891,8.008602053777608,0.8648586127539891,59.35384,0.7684632304036924,0.02,-31.02,6.98,2.0008051573592314e-10,LOCKED,"(0.243, 0.03, 0.727)"
424,14.133,TRACK,0.7133545646565923,5.602977394038221,0.7133545646565923,53.71135,0.7693573741655925,0.01,-31.01,6.99,1.9424700233883284e-10,LOCKED,"(0.277, 0.023, 0.7)"
425,14.167,TRACK,0.959349203314403,6.714078901175456,0.959349203314403,56.028385,0.7623542498775302,0.02,-31.02,6.98,2.0438883598110774e-10,LOCKED,"(0.305, 0.027, 0.668)"
426,14.2,TRACK,0.7206169124811779,4.883625470947243,0.7206169124811779,59.827442,0.7679041431571682,0.01,-31.01,6.99,1.9449766887609371e-10,LOCKED,"(0.386, 0.022, 0.592)"
427,14.233,TRACK,0.6504899586725302,5.658992504425843,0.6504899586725302,54.238617,0.7633952726381008,0.01,-31.01,6.99,1.9219493504990352e-10,LOCKED,"(0.502, 0.024, 0.474)"
428,14.267,TRACK,0.19284249334410838,8.614612765932636,0.19284249334410838,60.44555,0.7665189674935375,0.0,-31.0,7.0,1.832101961061354e-10,LOCKED,"(0.686, 0.023, 0.291)"
429,14.3,TRACK,1.0734252136541746,9.873086053430322,1.0734252136541746,54.261745,0.7680325741307522,0.03,-31.03,6.97,2.1032420836058496e-10,LOCKED,"(0.841, 0.017, 0.142)"
430,14.333,TRACK,0.7103603424491671,11.999724408239148,0.7103603424491671,56.467834,0.7668105157390168,0.01,-31.01,6.99,1.941444819161204e-10,LOCKED,"(0.891, 0.015, 0.094)"
431,14.367,TRACK,0.6093614303110867,9.763598444425204,0.6093614303110867,60.336357,0.7655363999070839,0.01,-31.01,6.99,1.9096477568308617e-10,LOCKED,"(0.872, 0.014, 0.114)"
432,14.4,TRACK,0.9337177873761972,2.4437070127631104,0.9337177873761972,57.610504,0.7666080532161121,0.02,-31.02,6.98,2.0316720991166255e-10,LOCKED,"(0.821, 0.029, 0.15)"
433,14.433,TRACK,0.863973208237222,6.594327910124865,0.863973208237222,59.710964,0.7661535871798413,0.02,-31.02,6.98,2.0004264603789713e-10,LOCKED,"(0.508, 0.327, 0.165)"
434,14.467,TRACK,1.0812356308823787,5.6423057023124965,1.0812356308823787,55.861366,0.7682561587012198,0.03,-31.03,6.97,2.1076127119719543e-10,LOCKED,"(0.418, 0.302, 0.28)"
435,14.5,TRACK,0.8754507608862093,6.544981622514594,0.8754507608862093,58.720562,0.7734331381891706,0.02,-31.02,6.98,2.0053709677951972e-10,LOCKED,"(0.486, 0.08, 0.435)"
436,14.533,TRACK,0.9236256487855342,2.3313476364789043,0.9236256487855342,59.31858,0.7719453371823983,0.02,-31.02,6.98,2.026971449124706e-10,LOCKED,"(0.465, 0.048, 0.486)"
437,14.567,TRACK,1.2708299279678699,0.37042725618404226,1.2708299279678699,56.25909,0.7706224972529835,0.04,-31.04,6.96,2.226625301335684e-10,LOCKED,"(0.436, 0.056, 0.508)"
438,14.6,TRACK,0.26878650185398245,1.2542434527727178,0.26878650185398245,55.65665,0.7639148115961945,0.0,-31.0,7.0,1.8400953287603132e-10,LOCKED,"(0.435, 0.058, 0.508)"
439,14.633,TRACK,0.785244528808422,3.621493843463178,0.785244528808422,57.77774,0.767243763678131,0.02,-31.02,6.98,1.9685510326847409e-10,LOCKED,"(0.476, 0.051, 0.472)"
440,14.667,TRACK,1.3431686289134235,7.636722056229887,1.3431686289134235,61.023903,0.7666419246508678,0.05,-31.05,6.95,2.2789966875496415e-10,LOCKED,"(0.549, 0.059, 0.391)"
441,14.7,TRACK,0.8211683573334667,8.790476004247235,0.8211683573334667,60.13923,0.7692503186062651,0.02,-31.02,6.98,1.98265814755696e-10,LOCKED,"(0.613, 0.054, 0.333)"
442,14.733,TRACK,1.2218949063404325,9.714215708324502,1.2218949063404325,60.6048,0.7703245181513224,0.04,-31.04,6.96,2.1934506833454585e-10,LOCKED,"(0.662, 0.047, 0.291)"
443,14.767,TRACK,0.5405910303967966,12.794016670354953,0.5405910303967966,56.960304,0.7639538148574951,0.01,-31.01,6.99,1.8910170411746174e-10,LOCKED,"(0.658, 0.078, 0.264)"
444,14.8,TRACK,0.7659069096185761,15.655658208776122,0.7659069096185761,60.141346,0.765833437727208,0.02,-31.02,6.98,1.9612562381014223e-10,LOCKED,"(0.503, 0.222, 0.275)"
445,14.833,TRACK,0.5561150487810244,20.291643774955226,0.5561150487810244,60.937263,0.7681051749425183,0.01,-31.01,6.99,1.8950132817289725e-10,LOCKED,"(0.3, 0.452, 0.248)"
446,14.867,TRACK,0.8675151315480514,22.528394178192055,0.8675151315480514,56.08548,0.7700505857506565,0.02,-31.02,6.98,2.001944117430556e-10,LOCKED,"(0.117, 0.786, 0.097)"
447,14.9,TRACK,1.0837359803251105,25.65959199827305,1.0837359803251105,58.113552,0.7647665022983557,0.03,-31.03,6.97,2.109020412258932e-10,LOCKED,"(0.182, 0.669, 0.149)"
448,14.933,TRACK,1.4517147952286067,23.33784022225711,1.4517147952286067,62.137714,0.7680393333743465,0.06,-31.06,6.94,2.3654739873384014e-10,LOCKED,"(0.353, 0.273, 0.373)"
449,14.967,TRACK,0.2020555695524927,18.140871250219867,0.2020555695524927,62.04217,0.7679221600215562,0.0,-31.0,7.0,1.8329299536579258e-10,LOCKED,"(0.4, 0.047, 0.553)"
